Genus,Species,Family,Common.name,AOU,Banding_timing,Start,End,Migration,Partial,Note,Age.cohort.timing,Flocking,Flock.size,Flock.structure,Family.grouping,Altitudinal,Comments,Timing.of.migration,Flight.call.from.BOTW,MFC.from.oldbird.org,X,Maximum.flock.size,Maximum.flock.size..conspecifics.only.,Maximum.flock.size.while.travelling,Male.body.mass..g.,Migration.distance,Timing.of.migration.1,References
Empidonax ,virescens,Tyrannidae,Acadian Flycatcher,4650,Adults first,230,320,Complete,No,,Adults first,,,,,,,night,,No,NA,1,1,NA,12.5,short,night,Sterling 1999
Empidonax ,alnorum,Tyrannidae,Alder Flycatcher,4661,Adults first,230,270,Complete,No,,Adults first,,,,,,,night,,No,NA,30,1,1,10.7,short,,Hutto 1994; Lowther 2000; Austin & Smith 1972
Selasphorus,sasin,Trochilidae,Allen's Hummingbird,4340,Adults first,160,260,Partial,Yes,,Adults first,No,,,,,,day,,,NA,1,1,1,2.85,short,,Mitchell 2000
Recurvirostra,americana,Recurvirostridae,American Avocet,2250,,NA,NA,Partial,Yes,,,Sometimes,Small,,,,Flocks may be medium,night,,,NA,100,100,400,101.6,short,day,Gill et al. 2002; Sutton 1946
Botaurus,lentiginosus,Ardeidae,American Bittern,1900,,NA,NA,Partial,Yes,"Some residency, but only assumed",,,,,,,,day,,,NA,1600,66,75,371.8,short,day,Telfair 2006; Grubb 1976; Mora 1992; Custer & Osborne 1978
Anas,rubripes,Anatidae,American Black Duck,1330,Concurrent,230,360,Partial,Yes,,Concurrent,Common,Small,Tight,,,,night,,,NA,30,30,25,335,short,night,Gammonley 1996; Kear 2005; Munro 1957; Bellrose 1976
Fulica,americana,Rallidae,American Coot,2210,,NA,NA,Partial,Yes,,Concurrent,Sometimes,Small,Loose,,,,night,,,NA,3000,3000,1000,49.5,long,night,Warnock & Gill 1996; Ruiz et al. 1989; Kus 1986; Gerasimov & Gerasimov 2000;
Corvus,brachyrhynchos,Corvidae,American Crow,4880,,NA,NA,Partial,Yes,,,,,,,,,day,,No,NA,NA,NA,NA,18.5,short,,Martin & Carlson 1998; Repasky 1996
Pluvialis,dominica,Charadriidae,American Golden-Plover,2720,,NA,NA,Complete,No,,Adults first,Common,,,,,,night,Yes,,NA,1,1,NA,17,short,night,Vickery 1996; Grzybowski 1983a; Pulliam & Mills 1977; Dean et al. 1998; Byers et al. 1995
Spinus,tristis,Fringillidae,American Goldfinch,5290,Concurrent,220,350,Partial,Yes,,,Common,,,,,,day,,Yes,NA,350,80,NA,24.02,short,night,Gryzbowski 1983; Jones & Cornely 2002; Canales-Delgaldillo et al. 2008; Pulliam & Mills 1977; Thompson et al. 1991
Falco,sparverius,Falconidae,American Kestrel,3600,Concurrent,240,310,Partial,Yes,,Concurrent,Sometimes,Small,Loose,,,Adult males migrate after adult females and young,day,,,NA,6,6,NA,18.6,short,night,Mowbray 1997; Byers et al. 1995; Fleetwood 1951
Haematopus,palliatus,Haematopodidae,American Oystercatcher,2860,,NA,NA,Partial,Yes,,,,,,No,,,,,,NA,27,15,NA,31.4,short,night,Falls & Kopachena 2010; Barbour 1941; Piper 1990; Cooke 1914
Anthus,rubescens,Motacillidae,American Pipit,6970,Concurrent,240,320,Complete,No,,Concurrent,Common,Medium,Loose,,,Flocks may be small,day,,No,NA,50000,19500,100,327,long,,Burger 1996; Burger & Gochfeld 1991; Patton 1988; Wells 1994
Setophaga ,ruticilla,Parulidae,American Redstart,6870,Adults first,220,320,Complete,No,,Juveniles first,,,,,,,night,Yes,Yes,NA,1,1,NA,10.4,long,,Curson et al. 1996; Pitocchelli 1995
Turdus,migratorius,Turdidae,American Robin,7610,Concurrent,210,350,Partial,Yes,,,Common,,,,,,night,,Yes,NA,350,350,25000,77.3,short,night,Witmer 1996; Renkensmeyer et al. 2008; Sallabanks & James 1999; Chavez-Ramirez & Slack 1994; Skeate 1987; Farley et al. 2008; Witmer et al. 1997; Baird & Nisbet 1959
Spizelloides,arborea,Passerellidae,American Tree Sparrow,5590,Concurrent,250,320,Complete,No,,,Common,,,,,,night,Yes,Yes,NA,1,1,NA,50.5,short,,Walters et al. 2002; Jones & Bock 2003
Pelecanus,erythrorhynchos,Pelecanidae,American White Pelican,1250,,NA,NA,Partial,Yes,,,Common,Medium,,,,,day,No,,NA,200,200,NA,474,long,night,Muller & Storer 1999; Brackbill 1952; Gabrielson 1914
Mareca,americana,Anatidae,American Wigeon,1370,Concurrent,230,300,Complete,No,Year-round range seasonal populations differ,Concurrent,Common,Large,Tight,,,Adult males migrate before adult females and young.,day,Yes,,NA,1000,1000,NA,796.1,short,night,Dale & Thompson 2001; Kear 2005
Scolopax,minor,Scolopacidae,American Woodcock,2280,Concurrent,270,360,Partial,No,,,Sometimes,Small,Loose,,,,night,,,NA,96,52,150,111,long,night,Duffy 1983; Hatch 2002; Gudmundsson et al. 1992; Duffy 1989; Alerstam 1985
Sterna ,paradisaea,Laridae,Arctic Tern,710,,NA,NA,Complete,No,,,Common,Small,,,,,night,,,NA,70000,7000,1000,119.6,short,day,Jaramillo & Burke 1999; Bray et al. 1979; Peer & Bollinger 1997; Baird & Nisbet 1960; Proescholdt 1961
Myiarchus,cinerascens,Tyrannidae,Ash-throated Flycatcher,4540,,NA,NA,Partial,Yes,,,,,,,,,night,,No,NA,1,1,1,33.5,long,night,Hespenheide 1980; Morton 1980; Lanyon 1997
Vermivora,bachmanii,Parulidae,Bachman's Warbler,,,NA,NA,Complete,No,declared extinct by some,,,,,,,,night,,,NA,NA,NA,NA,10,short,,Beason & Wauer 1998; Curson et al. 1994
Calidris ,bairdii,Scolopacidae,Baird's Sandpiper,2410,Adults first,190,260,Complete,No,,Adults first,Common,Small,,,,,,Yes,,NA,3,3,NA,48.4,long,night,Moskoff 1995
Centronyx,bairdii,Passerellidae,Baird's Sparrow,5450,,NA,NA,Complete,No,,,Sometimes,Small,,,,,night,Yes,Yes,NA,2,2,2,20.4,short,night,"Mattsson et al. 2009; Eaton 1953, 1958; Leck 1972; Tramer & Kemp 1982; Post 1978; Hamel & Kirkconnell 2005"
Haliaeetus,leucocephalus,Accipitridae,Bald Eagle,3520,,NA,NA,Partial,Yes,,Concurrent,Uncommon,Small,,,,,day,No,,NA,300,300,2,4230,short,day,Knight and Knight 1986; Buehler 2000; Restani et al. 2000; Cooper et al. 1991; Kerlinger 1989
Icterus ,galbula,Icteridae,Baltimore Oriole,5070,Adults first,220,320,Complete,No,,Concurrent,Common,Small,,,,,night,,No,NA,200,200,NA,26.01,short,,Wooton 1996
Patagioenas,fasciata,Columbidae,Band-tailed Pigeon,3120,,NA,NA,Partial,Yes,,,Common,Small,,,,,day,,,NA,1,1,NA,13.4,short,night,"Lowther 2005; Byers et al. 1995; Grzybowski 1983a,b"
Riparia ,riparia,Hirundidae,Bank Swallow,6160,,NA,NA,Complete,No,,,Common,Medium,,,,Flocks can be large,day,,Yes,NA,1,1,5,185.3,long,day,Warkentin et al. 2005; Mueller et al. 2000; Kerlinger 1989
Limosa,lapponica,Scolopacidae,Bar-tailed Godwit,2500,,NA,NA,Complete,No,,Adults first,Common,Small,,,,Flocks may be medium,night,Yes,,NA,3000,3000,100,48,long,night,Dunn & Argo 1995; Stiles & Smith 1977;  Loftin 1991
Hirundo ,rustica,Hirundidae,Barn Swallow,6130,,NA,NA,Complete,No,,,Common,Medium,,,,Flocks can be large,day,,Yes,NA,75,75,NA,33.2,long,night,Davis 1957; Norment et al. 1998; Marsh 1964
Bucephala,islandica,Anatidae,Barrow's Goldeneye,1520,,NA,NA,Complete,No,Pottentially limited residency,,,,,,,,night,,,NA,40,40,NA,1143,short,,Eadie et al. 1995; Kear 2005; Bellrose 1976
Setophaga,castanea,Parulidae,Bay-breasted Warbler,6600,Adults first,220,320,Complete,No,,,Common,,,,,Mixed Species flocks,night,,Yes,NA,7,7,NA,10,long,night,Curson et al. 1994; Lowther et al. 1999; Rappole & Warner 1980; Morton 1980; Thomas 1993; Gauthreaux 1972; Moore et al. 1990; Stewart 1983; Hamel & Kirkconnell 2005
Artemisiospiza,belli,Passerellidae,Bell's Sparrow,5739,,NA,NA,Partial,Yes,,Concurrent,Common,Small,,,Some,,,,,NA,11,2,NA,22.5,long,,Curson et al. 1994; Eaton 1953; Latta & Wunderle 1996; Rappole & Warner 1980; Morton 1980; Van Horn & Donovan 1994; Tramer & Kemp 1982; Stewart 1983; Hamel & Kirkconnell 2005; Kirkconnell et al. 1996; Rodewald & Brittingham 2002
Vireo,bellii,Vireonidae,Bell's Vireo,6330,Concurrent,240,350,Partial,Yes,,,,,,,,,night,,No,NA,30,2,NA,11.25,long,night,Hutto 1994; Austin & Smith 1972; Gardali & Ballard 2000; Forcey 2002
Megaceryle,alcyon,Alcedinidae,Belted Kingfisher,3900,Concurrent,220,330,Partial,Yes,,,No,,,,,,night,No,No,NA,1,1,1,143.6,short,night,Kelly et al. 2009
Toxostoma,bendirei,Mimidae,Bendire's Thrasher,7080,,NA,NA,Partial,Yes,,,,,,,,,,,,NA,NA,30000,100,222,long,night,Burger & Gochfeld 2002; Braune & Giskin 1982
Thryomanes,bewickii,Troglodytidae,Bewick's Wren,7190,,NA,NA,Partial,Yes,,,,,,,,,,,No,NA,13,2,1,9.9,short,,Austin & Smith 1972; Kennedy & White 1997
Catharus,bicknelli,Turdidae,Bicknell's Thrush,7571,Concurrent,250,350,Complete,No,,,,,,,,,night,Yes,Yes,NA,1,1,NA,43.3,long,night,Bevier et al. 2005; Thomas 1993; Moore et al. 1990
Haematopus,bachmani,Haematopodidae,Black Oystercatcher,2870,,NA,NA,Partial,Yes,,Concurrent,Common,Small,,,,,,,,NA,350,NA,NA,12.3,short,night,Rotenberry et al. 1999; Byers et al. 1995; Thompson et al. 1991
Leucosticte,atrata,Fringillidae,Black Rosy-Finch,5250,,NA,NA,Partial,Yes,,,Common,,,,Mostly,,day,,,NA,27,27,NA,41.7,short,night,Marshall 1960; Greenlaw 1996; Barbour 1941
Melanitta ,americana,Anatidae,Black Scoter,1630,,NA,NA,Complete,No,,Concurrent,Common,,,,,Adult males migrate before adult females and young.,,Yes,,NA,500,500,600,1500,long,night,Brown & Fredrickson 1997; Kehoe et al. 1989; Kear 2005; Stott & Olson 1972; Munro 1957; Larned & Zwiefelhofer 2001; Bellrose 1976; Byrd et al. 1974
Rynchops,niger,Laridae,Black Skimmer,800,,NA,NA,Partial,Yes,,Concurrent,Common,Medium,,,,,,,,NA,128,128,NA,20.7,long,night,Scharf & Kren 2010; Enstrom 1992; Jaramillo & Burke 1999; Morton 1980; Morton 1979; Gauthreaux 1972; Moore et al. 1990
Cypseloides,niger,Apodidae,Black Swift,4220,,NA,NA,Complete,No,Limited residency reported,,Common,Medium,,,,,day,,,NA,650,150,38,935,short,day,McCrimmon et al. 2001; Caldwell 1986; Masters 1992; Custer & Osborn 1978; Erwin 1983; Smith 1995; Gonzalez 1997; Bennetts & Dreitz 1997
Chlidonias,niger,Laridae,Black Tern,770,,NA,NA,Complete,No,,Adults first,Sometimes,Small,,,,,night,,,NA,1000,1000,4000,4800,long,day,Tacha 1988; Tacha et al. 1992; Cooper et al. 1991; Beason 1978; Lovvorn & Kirkpatrick 1982; Walkinshaw  1960; Breckenbridge & Cline 1967
Arenaria,melanocephala,Scolopacidae,Black Turnstone,2840,,NA,NA,Complete,No,,Adults first,Common,Small,,,,Flocks may be medium,day,,,NA,800,800,NA,326,long,,Gratto-Trevor 2000; Colwell et al. 1995; McNeil et al. 1985; Munro 1957
Coragyps,atratus,Accipitridae,Black Vulture,3260,,NA,NA,Partial,Yes,,,,,,,Some,,day,No,,NA,15,15,10,1989,short,day,"Kerlinger 1989; Buckley 1996, 1999;"
Mniotilta,varia,Parulidae,Black-and-white Warbler,6360,Adults first,250,330,Complete,No,,,,,,,,,night,,Yes,NA,17,2,NA,9,long,,Holmes et al. 2005; Curson et al. 1994; Eaton 1953; Latta & Wunderle 1996; Willis 1973; Hall 1981; Stewart 1983; Hamel & Kirkconnell 2005
Pluvialis,squatarola,Charadriidae,Black-bellied Plover,2700,,NA,NA,Complete,No,,Concurrent,Common,Small,,,,,night,Yes,,NA,3,3,NA,12.8,short,,Herkert et al. 2002; Byers et al. 1995; McNair 1998
Dendrocygna,autumnalis,Anatidae,Black-bellied Whistling Duck,1770,,NA,NA,Partial,Yes,,Concurrent,Common,Large,Tight,Yes,,,night,Yes,,NA,10000,2100,NA,1426,long,,Ryder & Alisaukas 1995; Jonsson & Afton 2008; pers. com; Kear 2005
Coccyzus,erythropthalmus,Cuculidae,Black-billed Cuckoo,3880,Concurrent,220,290,Complete,No,,,No,,,,,,night,No,Yes,NA,5000,5000,500,27.4,long,night,Hussell & Montgomerie 2002; Grzybowski 1983; West et al. 1968; Cooke 1914
Vireo ,atricapilla,Vireonidae,Black-capped Vireo,6300,,NA,NA,Complete,No,,Juveniles first,No,,,,,,night,,No,NA,40,NA,NA,16.4,short,,Curson & Guguen 1998; Hutto 1987
Archilochus,alexandri,Trochilidae,Black-chinned Hummingbird,4290,Adults first,220,300,Partial,Yes,,Concurrent,No,,,,,,day,,No,NA,1,1,1,3.25,long,,Baltosser & Russell 2000
Spizella,atrogularis,Passerellidae,Black-chinned Sparrow,5650,,NA,NA,Partial,Yes,,,Common,Small,,,,,,,,NA,26,1,NA,71.6,short,night,Winkler et al. 1995; Smith et al. 2000; Farley et al. 2008
Nycticorax ,nycticorax,Ardeidae,Black-crowned Night-Heron,2020,,NA,NA,Partial,Yes,,,Sometimes,Small,,,,,night,Yes,,NA,800,800,50000,35.1,long,day,Witmer et al. 1997; Witmer 1996; Chavez-Ramirez & Slack 1994; Andrle 1966;
Pheucticus,melanocephalus,Cardinalidae,Black-headed Grosbeak,5960,Adults first,230,350,Partial,Yes,,,Common,,,,Some,,,,,NA,18,18,30,92.1,long,night,Jackson & Jackson 2000; Dunning 2008
Rissa ,tridactyla,Laridae,Black-legged Kittiwake,400,,NA,NA,Partial,Yes,,Concurrent,Common,Small,,,,,,,,NA,12,12,NA,35.2,long,night,Rising & Flood 1998; Morton 1979; Gauthreaux 1972
Himantopus,mexicanus,Recurvirostridae,Black-necked Stilt,2260,,NA,NA,Partial,Yes,,,Common,,,Sometimes,,,,,,NA,289,289,5000,24.1,long,night,Hicklin & Gratto-Trevor 2010; Manseau & Ferron 1991; Boates 1980; Gilliland 1992; Ashmole 1970; Tripp & Collazo 1997; Hope & Shortt 1944; van Tyne 1945
Setophaga,caerulescens,Parulidae,Black-throated Blue Warbler,6540,Adults first,240,320,Complete,No,,,Common,Small,Loose,,,Mixed Species flocks,night,,Yes,NA,NA,1,NA,12.8,long,,Curson et al. 1994; Richardson & Brauning 1995; Morton 1980; Greenberg 1981; Hall 1981; Stewart 1983; Rodewald & Brittingham 2002; Bakermans 2008;
Setophaga,nigrescens,Parulidae,Black-throated Gray Warbler,6650,Adults first,230,350,Complete,No,,,Common,,,,,Mixed Species flocks,night,,,NA,50,3,NA,10.4,long,,Vidal et al. 1994; Curson et al. 1994; Pearson 1997; Hutto 1987; Austn & Smith 1972; Rappole & King 1999; Gram 1998; King & Rappole 2000
Setophaga,virens,Parulidae,Black-throated Green Warbler,6670,,NA,NA,Complete,No,,,Common,,,,,Mixed Species flocks,night,,Yes,NA,NA,1,NA,12.3,long,night,Morton 1980; Curson et al. 1996; Pitocchelli 1993; Stewart 1983; Bakermans 2008
Amphispiza,bilineata,Passerellidae,Black-throated Sparrow,5730,,NA,NA,Partial,Yes,,Concurrent,Common,,,,,,,,,NA,28,13,7,15.5,long,night,Warkentin & Morton 2000; Hespenheide 1980; Morton 1980; Petit 1999; Moore et al. 1990; Moore 1990
Vireo,altiloquus,Vireonidae,Black-whiskered Vireo,6230,,NA,NA,Partial,No,,,Common,,,,Some,,night,,No,NA,NA,NA,NA,8.5,short,night,Kus et al. 2010
Setophaga,fusca,Parulidae,Blackburnian Warbler,6620,Adults first,210,350,Complete,No,,Concurrent,Common,,,,,Mixed Species flocks,night,,Yes,NA,40,9,NA,8.35,long,night,Bakermans 2008; Hamel 2000; Curson et al. 1994; Jones et al. 2000; Rodewald & Brittingham 2002
Setophaga,striata,Parulidae,Blackpoll Warbler,6610,Concurrent,230,310,Complete,No,,,Common,Small,,,,,night,Yes,Yes,NA,30,3,NA,10.8,long,,Willis 1973; Gramm 1998; Eaton 1953; Powell 1979; Buskirk et al. 1972; Jones et al. 2000; Latta & Wunderle 1996; King & Rappole 2000; Hutto 1994; Kricher 1995; Curson et al. 1994; Farley et al. 2008; Moore et al. 1990; Stewart 1983; Hamel & Kirkconnell 2005; Rodewald & Brittingham 2002; Bakermans 2008; Rappole & Morton 1985
Passerina,caerulea,Cardinalidae,Blue Grosbeak,5970,Adults first,250,340,Partial,Yes,,,Common,Small,,,,,night,,Yes,NA,NA,250000,1,28.1,long,night,Gauthreaux 1972; Temple 2002; Basili & Temple 1999
Polioptila ,caerulea,Polioptilidae,Blue-gray Gnatcatcher,7510,Concurrent,220,330,Partial,Yes,,,,,,,,,day,,No,NA,9,NA,NA,140,long,night,Hayes & Fox 1991; Houston & Bowen 2001
Vireo,solitarius,Vireonidae,Blue-headed Vireo,6290,Concurrent,250,350,Complete,No,,,No,,,,,,night,,No,NA,NA,2,NA,12.1,short,night,Barlow et al. 1999
Spatula,discors,Anatidae,Blue-winged Teal,1400,Concurrent,220,300,Complete,No,Pottentially limited residency,Concurrent,Common,Small,Tight,,,Adult males migrate before adult females and young.,night,Yes,,NA,510,510,15,31.2,short,day,Ryan & Collins 2000; Land 1962
Vermivora,cyanoptera,Parulidae,Blue-winged Warbler,6410,Adults first,240,350,Complete,No,,,,,,,,,night,,Yes,NA,30,11,NA,8.9,long,night,Gram 1998; Hutto 1994; Williams 1996; Hall 1981; Stewart 1983; Rodewald & Brittingham 2002; Dobbs & Martin 1998
Dolichonyx ,oryzivorus,Icteridae,Bobolink,4940,Concurrent,230,290,Complete,No,,,Common,Large,,,,,night,Yes,Yes,NA,50,50,60,14.3,short,night,Knox & Lowther 2000a; West et al. 1968
Bombycilla ,garrulus,Bombycillidae,Bohemian Waxwing,6180,,NA,NA,Partial,Yes,,,Common,Medium,,,,Small and large flocks also noted,day,Yes,Yes,NA,1,1,40,22.1,short,,Chu & Walsberg 1999
Chroicocephalus,philadelphia,Laridae,Bonaparte's Gull,600,,NA,NA,Complete,No,,,Common,Large,,No,,Juveniles take different route,day,No,,NA,12,12,25,554.9,short,,Andres & Falxa 1995; Frank 1982; Byrd et al. 1974; Jewett 1914
Branta,bernicla,Anatidae,Brant,1730,,NA,NA,Complete,No,,Concurrent,Common,Small,Tight,,,,night,Yes,,NA,15000,4915,50,1252,long,,Mowbray 2002; Lovvorn 1989; Kear 2005; Haramis et al. 1985; 1994; Thompson 1973
Euphagus,cyanocephalus,Icteridae,Brewer's Blackbird,5100,,NA,NA,Partial,Yes,,,Common,,,,,,day,Yes,Yes,NA,1000,1000,NA,16.3,short,day,Dawson 1997; Clement 1993;
Spizella,breweri,Passerellidae,Brewer's Sparrow,5620,Concurrent,150,300,Complete,No,,,Common,Small,,,,,night,,,NA,2,2,150,112.7,short,day,Tobalske 1997
Numenius,tahitiensis,Scolopacidae,Bristle-thighed Curlew,2680,,NA,NA,Complete,No,,Adults first,Common,Small,,,,,night,,,NA,350,350,NA,176,short,,Molina et al. 2009; Donahue 1974; Spaans 1978
Selasphorus,platycercus,Trochilidae,Broad-tailed Hummingbird,4320,Adults first,210,300,Partial,Yes,,,,,,,,,day,,No,NA,NA,1,NA,3.2,short,,Calder & Calder 1992; Austin & Smith 1972
Buteo,platypterus,Accipitridae,Broad-winged Hawk,3430,Juveniles first,250,350,Complete,No,,Concurrent,Common,Large,,,,,day,No,,NA,1,1,5000,357,long,day,Goodrich et al. 1996; Smith 1980; Tramer & Kemp 1982; Kerlinger & Gauthreaux 1985a; Maransky & Bildstein 2001; Kerlinger 1989
Certhia,americana,Certhiidae,Brown Creeper,7260,Concurrent,250,330,Partial,Yes,,,Common,Small,,,,,night,No,No,NA,200,200,50,153,short,,Schwertner et al. 2002; Wetmore 1920; Land 1962
Pelecanus,occidentalis,Pelecanidae,Brown Pelican,1260,,NA,NA,Partial,Yes,,,Common,Medium,,,,,day,No,,NA,1,1,NA,59.2,short,night,Bookhout 1995
Toxostoma,rufum,Mimidae,Brown Thrasher,7050,Adults first,250,350,Partial,Yes,,,,,,,,,night,,No,NA,50000,9000,10,1147,long,,Cramp  & Simmons 1983; Pierotti & Good 1994; Monaghan 1980; Patton 1988; Alerstam & Gudmundsson 1999
Molothrus ,ater,Icteridae,Brown-headed Cowbird,4950,Concurrent,200,350,Partial,Yes,,,Common,,,,,,day,,Yes,NA,1000,NA,NA,22.3,short,day,Johnson 2002; Martin et al. 1974
Calidris,subruficollis,Scolopacidae,Buff-breasted Sandpiper,2620,,NA,NA,Complete,No,,,Sometimes,Small,,,,,night,,,NA,16,16,NA,207.8,long,night,Lowther et al. 2001; Rompré & McNeil 1996; Ashmole 1970
Bucephala,albeola,Anatidae,Bufflehead,1530,,NA,NA,Complete,No,,Concurrent,Common,Large,Tight,,,,night,,,NA,7000,7000,1200,3232,long,night,Gawlik & Slack 1996; Mowbray et al. 2002; Kear 2005; Elder & Elder 1949; Koerner et al. 1974; McLandress & Raveling 1981; Cooper et al. 1991; Bellrose 1976;
Icterus ,bullockii,Icteridae,Bullock's Oriole,5080,,NA,NA,Complete,No,Very limited residency reported,,Common,Small,,,,,night,No,,NA,200,200,NA,14.7,short,,Middleton 1993; Farley et al. 2008
Athene,cunicularia,Strigidae,Burrowing Owl,3780,,NA,NA,Partial,Yes,,,,,,,,,,,No,NA,30,30,NA,30,long,night,Hudon 1999
Larus ,californicus,Laridae,California Gull,530,,NA,NA,Complete,No,Very limited residency reported,Juveniles first,No,,,Sometimes,,,day,No,,NA,200,200,6,14.4,long,,Brown et al. 1992; Forcey 2002; Land 1962
Stellula,calliope,Trochilidae,Calliope Hummingbird,4360,Adults first,180,280,Complete,No,,Adults first,No,,,,,,day,,No,NA,1,1,1,2.68,long,,Calder & Calder 1994
Branta,canadensis,Anatidae,Canada Goose,1720,,NA,NA,Partial,Yes,,Concurrent,Common,Medium,Tight,,,Flock size varies greatly,night,Yes,,NA,2900,2900,150,1519,long,night,Reed et al. 1998; Briggs et al. 1987; Kear 2005; Denson & Bentley 1962; Munro 1957; Alerstam et al. 1990; Bellrose 1976; Alerstam & Gudmundsson 1999;
Cardellina,canadensis,Parulidae,Canada Warbler,6860,Adults first,200,330,Complete,No,,Juveniles first,Sometimes,Small,,,,,night,,Yes,NA,50000,22450,300,566,long,,Ryder 1993; Patton 1988
Aythya,valisineria,Anatidae,Canvasback,1470,Concurrent,220,350,Complete,No,,Concurrent,Common,Small,Tight,,,Adult males migrate before adult females and young.,,,,NA,15000,15000,350,1054,long,night,Kessel et al. 2002; Kear 2005
Setophaga,tigrina,Parulidae,Cape May Warbler,6500,Adults first,200,320,Complete,No,,Adults first,Common,Small,,,,Mixed Species flocks,night,,Yes,NA,1,1,NA,15.32,long,,Pitocchelli et al. 1997; Stewart 1983
Hydroprogne,caspia,Laridae,Caspian Tern,640,,NA,NA,Partial,Yes,,Concurrent,Sometimes,Small,,Common,,Flocks may be medium,day,Yes,,NA,2000,2000,1000,23.9,long,day,Brown & Brown 1995; 1996; Cooke 1914
Haemorhous,cassinii,Fringillidae,Cassin's Finch,5180,,NA,NA,Partial,Yes,,Adults first,Common,,,,Some,,,,,NA,NA,NA,NA,17.8,short,,Dunning et al. 1999
Tyrannus,vociferans,Tyrannidae,Cassin's Kingbird,4480,,NA,NA,Partial,Yes,,,Sometimes,Small,,,,,day,,,NA,NA,2,NA,39.2,short,night,Regosin 1998; Riggs 1955
Peucaea,cassinii,Passerellidae,Cassin's Sparrow,5780,,NA,NA,Partial,Yes,,,,,,,,,night,,No,NA,8363,8363,NA,3290,short,,Shields 2002; Duffy 1983;
Vireo,cassinii,Vireonidae,Cassin's Vireo,6291,,NA,NA,Partial,No,,,,,,,,,,,,NA,26,2,NA,12.5,short,night,Morse 1970; Rappole & Warner 1980; Gaddis 1980; Hopp et al. 1995; Farley et al. 2008; Moore et al. 1990; Hamel & Kirkconnell 2005
Bubulcus,ibis,Ardeidae,Cattle Egret,2001,,NA,NA,Partial,Yes,,,Common,Small,,,,,day,No,,NA,1,1,3,241,short,night,Davis & Kushlan 1994; Paynter 1953
Bombycilla ,cedrorum,Bombycillidae,Cedar Waxwing,6190,Concurrent,200,330,Partial,Yes,,,Common,Small,,,,Medium and large flocks also noted,day,Yes,Yes,NA,3000,3000,1000,58.6,short,day,Witmer 2002; Austin & Rea 1976
Setophaga,cerulea,Parulidae,Cerulean Warbler,6580,Adults first,230,340,Complete,No,,,,,,,,,night,,Yes,NA,100,3,NA,11.9,short,night,Morse 1970; Curson et al. 1994; Rodewald et al. 1999; Latta & Wunderle 1996; Farley et al. 2008; Stewart 1983; Rodewald & Brittingham 2002
Calcarius ,ornatus,Calcariidae,Chestnut-collared Longspur,5380,,NA,NA,Complete,No,,,Common,Small,,,,,night,,No,NA,300,300,550,79.3,long,night,Poulin et al. 1996; Lowery 1946
Setophaga,pensylvanica,Parulidae,Chestnut-sided Warbler,6590,Concurrent,220,320,Complete,No,,,Sometimes,Small,,,,Mixed Species flocks,night,,Yes,NA,5,1,NA,13.2,short,night,Hanners & Patton 1998; Curson et al. 1996; Rappole & Warner 1980; Ewert & Askins 1991; Tramer & Kemp 1982; Rappole & Morton 1985; Stewart 1983; Hamel & Kirkconnell 2005; Kirkconnell et al. 1996
Chaetura,pelagica,Apodidae,Chimney Swift,4230,,NA,NA,Complete,No,,,Common,Large,Tight,,,,day,,No,NA,70,70,450,18.8,long,day,"Bull & Collins 1997, 2007; Phillips & Webster 1957; Murray 2007"
Spizella,passerina,Passerellidae,Chipping Sparrow,5600,Adults first,250,350,Partial,Yes,,,Common,Small,,,,Flocks may be medium,night,,Yes,NA,1,1,NA,47.6,short,,Dobbs et al. 1997; van Rossem & Pierce 1915
Antrostomus,carolinensis,Caprimulgidae,Chuck-will's-widow,4160,,NA,NA,Partial,Yes,,,Common,Small,,,,,day,No,No,NA,NA,NA,NA,16.6,short,night,Rappole & Warner 1980; Lowther et al. 1999; Gauthreaux 1972
Spatula,cyanoptera,Anatidae,Cinnamon Teal,1410,,NA,NA,Partial,Yes,,Concurrent,Common,Small,Tight,,,Adult males migrate before adult females and young.,night,No,,NA,26000,26000,10000,1800,short,night,Merkel et al. 2002; Fisher & Larned 2004; Gilchrist & Robertson 2000; Mosbech & Johnson 1999; Suydam 2000; Bellrose 1976; Thompson & Person 1963; Woodby & Divoky 1982
Rallus,crepitans,Rallidae,Clapper Rail,2110,,NA,NA,Partial,Yes,,,,,,,,,night,,,NA,25000,25000,NA,23.2,long,night,Wilson 1994; Nebel & Thompson 2005; Ashmole 1970; Davis & Smith 1998; Tripp & Collazo 1997; Munro 1957; Engilis et al. 1998 
Spizella,pallida,Passerellidae,Clay-colored Sparrow,5610,Concurrent,220,300,Complete,No,,,Common,,,,,,night,,Yes,NA,26,1,NA,50.3,short,night,Morse 1970; Gram 1998; Austin & Smith 1972; Walters et al. 2002; Farley et al. 2008
Petrochelidon,pyrrhonota,Hirundidae,Cliff Swallow,6120,,NA,NA,Complete,No,,,Common,Medium,,,,Flocks can be large,day,,Yes,NA,350,75,NA,28.3,short,night,Valone and Wheelbarger 1998; Cody 1972; Marsh 1964; Morton 1967; Chilton et al. 1995; Thompson et al. 1991; Dewolfe et al. 1973
Leiothlypis,crissalis,Parulidae,Colima Warbler,,,NA,NA,Complete,No,,,,,,,,,,,,NA,1,1,NA,62.2,short,,England & Laudenslayer 1993
Somateria,mollissima,Anatidae,Common Eider,1590,,NA,NA,Partial,Yes,,,Common,Large,Tight,,,Flock size varies greatly,day,,,NA,10000,NA,30,1494,short,,Kear 2005; Petersen et al. 2000; Bellrose 1976
Gallinula ,galeata,Rallidae,Common Gallinule,2190,,NA,NA,Partial,Yes,,,,,,,,,night,,,NA,7000,7000,600,136.5,long,night,Harrington 2001; Harrington & Leddy 1983; Sitters et al. 2001; Myers & Myers 1979; Alerstam et al. 1990; Gerasimov & Gerasimov 2000
Bucephala,clangula,Anatidae,Common Goldeneye,1510,,NA,NA,Complete,No,,,Common,Small,Loose,,,,,,,NA,50,50,2000,465,short,night,Gauthier 1993; Kear 2005; Bellrose 1976; Brackbill 1952
Quiscalus ,quiscula,Icteridae,Common Grackle,5110,,NA,NA,Partial,Yes,,,Common,Medium,,,,,day,,Yes,NA,8,8,NA,19,long,night,Grzybowski 1983; Wheelwright & Rising 2008; Byers et al. 1995; Pulliam & Mills 1977; Watts 1996
Gavia,immer,Gaviidae,Common Loon,70,,NA,NA,Complete,No,,Adults first,Sometimes,Small,,No,,,day,Yes,,NA,50,50,NA,26.3,short,,With 2010; Cooke 1914
Mergus,merganser,Anatidae,Common Merganser,1290,,NA,NA,Complete,No,Pottentially limited residency,,Common,Small,Loose,,,,night,No,,NA,10000,10000,NA,1059,long,night,Beauchamp 1992; Savard et al. 1998; Bellrose 1976;  Iverson et al. 2004
Uria ,aalge,Alcidae,Common Murre,300,,NA,NA,Partial,Yes,,Concurrent,,,,Yes,,Offspring pair with parent at first,,No,,NA,13000,7906,NA,958,short,,Hoffman et al. 1981; Sealy 1973; Chilton & Sealy 1987; Croll 1990; Gaston & Jones 1998; Ainley et al. 2002; Camphuysen & Webb 1999; Clowater 1998
Chordeiles,minor,Caprimulgidae,Common Nighthawk,4200,,NA,NA,Complete,No,,,Common,Medium,,,,Flocks may be large,night,No,No,NA,50,50,NA,45.6,long,night,Ridgely & Tudor 89; Hilty 1980; Wyatt & Francis 2002; Gauthreaux 1972; Moore et al. 1990; Rodewald & Brittingham 2002; Bakermans 2008
Acanthis,flammea,Fringillidae,Common Redpoll,5280,Concurrent,250,310,Partial,Yes,Irruptive,Concurrent,Common,Small,Loose,,,Flocks can be large,day,Yes,Yes,NA,27,NA,NA,25,short,night,Arcese et al. 2002; Helms 1959; Rogers & Heath-Coss 2003; Lima et al. 1987 (protective); Barbour 1941
Sterna ,hirundo,Laridae,Common Tern,700,,NA,NA,Complete,No,,,Common,Medium,,,,Flocks may be small or large,night,,,NA,10000,10000,120,47.5,short,day,Jaramillo & Burke 99;  Brugger et al. 1992; Lowther 1993; Baird & Nisbet 1959; Cooke 1914
Geothlypis,trichas,Parulidae,Common Yellowthroat,6810,Concurrent,250,350,Partial,Yes,,Concurrent,,,,,,,night,,Yes,NA,5,5,100,343,long,,Gochfeld & Burger 1994
Oporornis ,agilis,Parulidae,Connecticut Warbler,6780,Concurrent,230,300,Complete,No,,,,,,,,,night,Yes,Yes,NA,25,7,NA,11,long,night,Williams 1996; Curson et al. 1994; Morton 1980; Jones et al. 2000; Greenberg 1981; Gauthreaux 1972; Hall 1981; Stewart 1983; Rodewald & Brittingham 2002; Bakermans 2008
Accipiter ,cooperii,Accipitridae,Cooper's Hawk,3330,Juveniles first,230,310,Partial,Yes,,Juveniles first but considerable overlap,Uncommon,Small,,,,,day,No,,NA,1,1,5,349,short,day,Curtis et al. 2006; Ferguson-Lees et al. 2001; Mueller et al. 2000; Kerlinger & Gauthreaux 1985b; Kerlinger 1989
Empidonax ,occidentalis,Tyrannidae,Cordilleran Flycatcher,4640,,NA,NA,Partial,Yes,,Adults first,,,,,,,,,,NA,NA,1,NA,13.2,long,night,Lowther 1999
Junco,hyemalis,Passerellidae,Dark-eyed Junco,,,NA,NA,Partial,Yes,"sub-species sepearated in banding. Gray-headed, oregon, white-winged, slate-colored",Adults first,No,,,,,,night,Yes,Yes,NA,11,1,NA,8.9,long,night,Latta & Wunderle 1996; Morton 1980; Gill et al. 2001; Stewart 1983; Hamel & Kirkconnell 2005
Spiza,americana,Cardinalidae,Dickcissel,6040,,NA,NA,Complete,No,Very limited residency reported,,Common,Large,,,,,night,Yes,Yes,NA,300,300,30,352,short,day,Keppie & Braun 2000
Nannopterum,auritum,Phalacrocoracidae,Double-crested Cormorant,1200,,NA,NA,Partial,Yes,,,Common,Small,,,,Flocks may be medium and large,day,,,NA,1000,1000,NA,692,short,night,Johnsgard 81; Mueller 99; Brisbin & Mowbray 2002; Brackbill 1952; Combs & Botzler 1991
Calidris,alpina,Scolopacidae,Dunlin,2430,,NA,NA,Complete,No,,,Common,Small,,,,Flocks may be medium,night,Yes,,NA,NA,20,100,640.1,short,,Dugger & Dugger 2002; Allen 1980; Lamb 1927; Stenzel et al. 1976; Leeman et al. 2001
Empidonax ,oberholseri,Tyrannidae,Dusky Flycatcher,4690,,NA,NA,Complete,No,,,,,,,,,night,,,NA,NA,1,NA,11.5,long,night,Gross & Lowther 2001; Rodewald & Brittingham 2002; Tramer & Kemp 1982
Podiceps,nigricollis,Podicipedidae,Eared Grebe,40,,NA,NA,Partial,Yes,,,Common,Small,,,,,night,,,NA,50,50,140,108.1,long,,Fleischer 1983; Nettleship 2000; Myers & Myers 1979; Alerstam et al. 1990; Byrd et al. 1974; Stinson et al. 1997
Sialia ,sialis,Turdidae,Eastern Bluebird,7660,Adults first,300,350,Partial,Yes,,,Common,Small,,,,Juvenile only flocks. Flocks may be medium,day,,Yes,NA,50,50,100,29.5,short,day,Howell 1972; Gowaty & Plissner 1998
Tyrannus,tyrannus,Tyrannidae,Eastern Kingbird,4440,,NA,NA,Complete,No,,,Common,Small,,,,Flocks may be medium or large,day,,Yes,NA,NA,1,NA,38.5,short,day,Gamble & Bergin 1996
Sturnella,magna,Icteridae,Eastern Meadowlark,5010,,NA,NA,Partial,Yes,,,Common,Small,,,,Flocks may medium,night,,No,NA,500,500,NA,5974,long,day,Hoffman et al. 1981; Evers et al. 2010; McIntyre 1978; Clowater 1998
Sayornis ,phoebe,Tyrannidae,Eastern Phoebe,4560,Adults first,250,340,Partial,Yes,,,No,,,,,,day,,,NA,26,1,1,19.7,short,day,Weeks 1994; Dunning 2008; Farley et al. 2008
Pipilo,erythrophthalmus,Passerellidae,Eastern Towhee,5870,Adults first,270,350,Partial,Yes,,,Common,Small,Loose,,,,night,,No,NA,10,10,3,3682,short,day,Johnsgard 1993; Hatch et al. 2000;  van Eerden & Voslamber 1995; Lindell et al. 1995; Suter 1997;
Antrostomus,vociferus,Caprimulgidae,Eastern Whip-poor-will,4171,,NA,NA,Complete,Yes,,,Common,Small,Loose,,,,night,No,No,NA,50,50,1,13.8,long,night,Rappole & Warner 1980; Payne 2006; Leck 1975; Tramer & Kemp 1982; Gauthreaux 1972; Moore et al. 1990; Loetscher 1955
Contopus,virens,Tyrannidae,Eastern Wood-Pewee,4610,Adults first,230,320,Complete,No,,,,,,,,,night,,No,NA,1,1,1,14.1,long,,McCarthy 1996; Hespenheide 1980; Rodewald & Brittingham 2002
Thalasseus,elegans,Laridae,Elegant Tern,660,,NA,NA,Complete,No,,Concurrent,Common,Small,,Common,,Flocks may be medium,,,,NA,500,500,15,115.3,short,day,Davis & Lanyon 2008; Cooke 1914; Arnold 1937
Anser,canagicus,Anatidae,Emperor Goose,1760,,NA,NA,Complete,No,,,Common,,,,,,,Yes,,NA,880,880,30,1371,short,night,Longcore et al. 2000; Kear 2005; Morton et al. 1989
Numenius,borealis,Scolopacidae,Eskimo Curlew,,,NA,NA,Complete,No,declared extinct by some,,Common,,,,,,night,,,NA,200,200,NA,259.6,long,,Burness et al. 1999
Buteo,regalis,Accipitridae,Ferruginous Hawk,3480,,NA,NA,Partial,Yes,,Adults first,,,,,,,day,No,,NA,12,12,1,1163,short,day,Bechard & Schmutz 1995; Kerlinger 1989
Spizella,pusilla,Passerellidae,Field Sparrow,5630,Adults first,280,360,Partial,Yes,,,Common,Small,,,,,night,,Uncommon,NA,1,1,NA,58.3,short,,Walters et al. 2002
Psiloscops,flammeolus,Strigidae,Flammulated Owl,3740,,NA,NA,Partial,Yes,,,No,,,,,,night,,,NA,30,10,NA,38,short,,Eddleman 2002; Austin & Smith 1972; Dobbs & Martin 1998; Cruden & Herman-Parker 1977
Sterna,forsteri,Laridae,Forster's Tern,690,,NA,NA,Partial,Yes,,Concurrent,Common,Small,,Common,,,,,,NA,30,3,NA,36.1,long,night,Rising & Williams 1999; Jaramillo & Burke 1999; Dobbs & Martin 1998; Cruden & Herman-Parker 1977
Passerella,iliaca,Passerellidae,Fox Sparrow,5850,Concurrent,240,330,Complete,No,,,Sometimes,Small,,,,,night,Yes,Yes,NA,2000,2000,180,6130,long,day,Knopf & Evans 2004
Leucophaeus,pipixcan,Laridae,Franklin's Gull,590,,NA,NA,Complete,No,,,Common,Large,,,,Flocks may be small or medium,day,Yes,,NA,300,NA,NA,67.2,short,day,Martin 2002; Beasley & Carrothers 1974
Dendrocygna,bicolor,Anatidae,Fulvous Whistling Duck,1780,,NA,NA,Partial,Yes,,,,,,,,,night,Yes,,NA,10000,10000,100,875,short,night,Robertson & Savard 2002; Kear 2005; Merkel et al. 2002; Gilchrist & Robertson 2000; Bellrose 1976; Alerstam & Gudmundsson 1999; Woodby & Divoky 1982; Brackbill 1952
Mareca,strepera,Anatidae,Gadwall,1350,,NA,NA,Partial,Yes,,Concurrent,Common,Small,Tight,,,Adult males migrate before adult females and young.,night,Yes,,NA,30000,30000,NA,770.5,short,night,Hohman & Lee 2001; Zwank & McKenzie 1988; Hohman et al. 1996; Kear 2005; Lynch 1943; Bellrose 1976
Larus,hyperboreus,Laridae,Glaucous Gull,420,,NA,NA,Complete,No,Limited residency reported,,Sometimes,Small,,,,,,,,NA,3,2,53000,54.4,long,day,Howell 1972; Brown 1997; Baird & Meyerriecks 1965; Anderson et al. 2004
Larus ,glaucescens,Laridae,Glaucous-winged Gull,440,,NA,NA,Partial,Yes,,,,,,,,,day,,,NA,5000,5000,30,33.9,long,night,Martin & Gavin 1995; Meanley & Neff 1953; Gauthreaux 1972; Di Giacomo et al. 2005; Baird & Nisbet 1959; Tyler 1916
Plegadis,falcinellus,Threskiornithidae,Glossy Ibis,1860,,NA,NA,Partial,Yes,,Adults first,Common,Small,,,,,night,,,NA,150,100,NA,650,short,night,Erwin 1983; Davis & Kricher 2000
Aquila,chrysaetos,Accipitridae,Golden Eagle,3490,,NA,NA,Partial,Yes,,Concurrent,Uncommon,Small,,,,,day,No,,NA,4,4,1,3477,short,day,Cramp & Simmons 80; Ferguson-Lees et al. 2001; Halley & Gjershaug 1998; Kochert et al. 2002; Kerlinger 1989
Setophaga,chrysoparia,Parulidae,Golden-cheeked Warbler,6660,,NA,NA,Complete,No,,,Common,,,,,Mixed Species flocks,night,,Yes,NA,3,4,NA,10.3,long,night,Curson et  al. 1994; Hunt & Eliason 1999; Thomas 1993; Latta & Brown 1999; Hall 1981; Stewart 1983; Brady 1990; Rodewald & Brittingham 2002
Regulus,satrapa,Regulidae,Golden-crowned Kinglet,7480,Concurrent,250,350,Partial,Yes,,,Common,,,,Some,Mixed species flocks,night,Yes,Yes,NA,10,10,NA,94.7,long,night,Barbosa 1995; Mueller 1999; Myers & Myers 1979
Zonotrichia,atricapilla,Passerellidae,Golden-crowned Sparrow,5570,Concurrent,220,300,Complete,No,,,Common,Medium,,,,,night,,,NA,200,200,14,453,short,night,Stedman 2000; Binford & Youngman 2010
Vermivora,chrysoptera,Parulidae,Golden-winged Warbler,6420,,NA,NA,Complete,No,,,,,,,,,night,,Yes,NA,12,12,NA,6.6,short,,Johnson et al. 1997; Curson et al. 1994; Lamm 1991
Ammodramus ,savannarum,Passerellidae,Grasshopper Sparrow,5460,,NA,NA,Partial,Yes,,,Sometimes,Small,,,,,night,Yes,Yes,NA,13,3,NA,9.4,long,night,Gram 1998; Morse 1970; Rappole & Warner 1980; Gilbert et al. 2010; Stewart 1983
Dumetella,carolinensis,Mimidae,Gray Catbird,7040,Adults first,260,340,Complete,No,,Juveniles first,,,,,,,night,,No,NA,NA,5000,NA,2322,long,,Gilchrist 2001
Empidonax ,wrightii,Tyrannidae,Gray Flycatcher,4691,,NA,NA,Complete,No,,,,,,,,,night,,,NA,NA,1,NA,10.4,short,night,Sedgwick 1993
Vireo,vicinior,Vireonidae,Gray Vireo,6340,,NA,NA,Complete,No,,,Sometimes,Small,,,,,night,,,NA,15,2,NA,12.2,long,night,Moskoff & Robinson 1996; Buskirk et al. 1972; Gradwohl & Greenberg 1980; Tramer & Kemp 1982
Catharus,minimus,Turdidae,Gray-cheeked Thrush,7570,Adults first,230,310,Complete,No,,,,,,,,,night,,Yes,NA,NA,1,NA,29.6,long,night,Mack & Yong 2000; Hutto 1994; Rappole & Warner 1980; Leck 1975; Moore et al. 1990; Bakermans 2008
Leucosticte,tephrocotis,Fringillidae,Gray-crowned Rosy-Finch,5240,,NA,NA,Partial,Yes,,,,,,,Some,,day,,,NA,6,2,NA,39.3,short,,Greenlaw 1996b; Davis 1957
Larus,marinus,Laridae,Great Black-backed Gull,470,,NA,NA,Partial,Yes,,Concurrent,Sometimes,,,Sometimes,,,,,,NA,100,100,40,13.5,long,day,Howell 1972; Garrison 1999; Thomas 1993; Forcey 2002
Ardea,herodias,Ardeidae,Great Blue Heron,1940,,NA,NA,Partial,Yes,,,Sometimes,Small,,,,,night,,,NA,1,1,NA,372,short,,Gibbs et al. 1992
Phalacrocorax,carbo,Phalacrocoracidae,Great Cormorant,1190,,NA,NA,Partial,Yes,,,Common,Small,,,,Mixed Species flocks,day,,,NA,10,NA,NA,415,short,night,Bannor & Kiviat 2002; Kushlan 2007
Myiarchus,crinitus,Tyrannidae,Great Crested Flycatcher,4520,Adults first,230,310,Partial,Yes,,,No,,,,,,night,,No,NA,30,2,NA,28.7,short,,Cardiff & Dittmann 2002; Hutto 1994
Ardea,alba,Ardeidae,Great Egret,1960,,NA,NA,Partial,Yes,,,Sometimes,Small,,,,,day,No,,NA,10,10,100,2480,long,night,Butler 1992; Krebs 1974
Aythya,marila,Anatidae,Greater Scaup,1480,,NA,NA,Complete,No,Pottentially limited residency,Concurrent,Common,Medium,Tight,,,Adult males migrate before adult females and young.,night,,,NA,15000,10000,75,768.4,long,night,Hohman & Eberhardt 1998; Kear 2005; Bellrose 1976; Thompson 1973
Anser,albifrons,Anatidae,Greater White-fronted Goose,1710,,NA,NA,Complete,No,,Concurrent,Common,Small,Tight,,,,Both,Yes,,NA,100,100,40,380,long,night,Rohwer et al. 2002; Kear 2005; Miller 1947; Holland & Williams 1978
Tringa,melanoleuca,Scolopacidae,Greater Yellowlegs,2540,,NA,NA,Complete,No,,Adults first,Common,Small,Tight,,,Flocks may be medium,night,Yes,,NA,1,1,1,68.8,short,night,Rasmussen et al. 2008
Butorides,virescens,Ardeidae,Green Heron,2010,,NA,NA,Partial,Yes,,,,,,,,,night,,,NA,10,10,15,364,short,,Rodgers & Smith 1995; Caldwell 1986; Custer & Osborne 1978; Erwin 1983; Williams 1945
Pipilo,chlorurus,Passerellidae,Green-tailed Towhee,5900,Concurrent,220,350,Complete,No,,,Common,Small,,,,,night,,,NA,175,175,1000,2498,short,day,Hatch & Wesseloe 1999
Anas,crecca,Anatidae,Green-winged Teal,1390,Adults first,230,340,Partial,Yes,Nearly complete,Concurrent,Common,Large,Tight,,,,night,Yes,,NA,2500,2500,200,350,short,night,Johnson 1995; Kear 2005; Baldassarre & Bolen 1984; Bellrose 1976
Gelochelidon,nilotica,Laridae,Gull-billed Tern,630,,NA,NA,Partial,Yes,,,Common,,,,,,,,,NA,6,6,NA,578,short,,Nol & Humphrey 1994; Nol et al. 2000; Myers & Myers 1979
Falco ,rusticolus,Falconidae,Gyrfalcon,3540,,NA,NA,Partial,Yes,,Concurrent,No,,,,,,day,,,NA,15,2,NA,19,long,night,Byers et al. 1995; Ammon 1995; Marshall 1960
Empidonax ,hammondii,Tyrannidae,Hammond's Flycatcher,4680,Concurrent,230,340,Complete,No,,,,,,,,,night,,,NA,1,1,NA,12.7,long,night,Sedgwick 2000
Histrionicus,histrionicus,Anatidae,Harlequin Duck,1550,,NA,NA,Partial,Yes,,,Common,Small,,,,,,No,,NA,150,150,25,11900,short,night,Mitchell & Eichholz 2010; Henson & Cooper 1994; Kear 2005; Cooper et al. 1991
Zonotrichia,querula,Passerellidae,Harris's Sparrow,5530,Adults first,270,350,Complete,No,,Adults first,Common,Small,,,,,night,,Yes,NA,20,20,74,1330.9,short,night,Stout & Nuechterlein 1999; Binford & Youngman 2010; Clowater 1998
Centronyx,henslowii,Passerellidae,Henslow's Sparrow,5470,,NA,NA,Complete,No,,,,,,,,,night,,Yes,NA,25,3,NA,7.2,long,night,Curson et al. 1994; Eaton 1953; Bennett 1980; Rappole & Warner 1980; Willis 1973; Latta & Wunderle 1996; Jones et al. 2000 ;Thomas 1993; Sherry & Holmes 1997; Post 1978; Hall 1981; Stewart 1983; Hamel & Kirkconnell 2005; Rodewald & Brittingham 2002; Bakermans 2008
Piranga ,flava,Cardinalidae,Hepatic Tanager,6090,,NA,NA,Partial,Yes,,,Common,Small,,,Some,,,,,NA,100,100,40,130,long,night,Johnson & Connors 2010; Johnson et al. 2004; Johnston & McFarlane 1967; Gerasimov & Gerasimov 2000; Stinson et al. 1997
Catharus,guttatus,Turdidae,Hermit Thrush,7590,Adults first,250,350,Partial,Yes,,Concurrent,,,,,,,night,,Yes,NA,NA,1,NA,27.5,long,night,Lowther et al. 2001; Thomas 1993; Bakermans 2008
Setophaga,occidentalis,Parulidae,Hermit Warbler,6690,,NA,NA,Complete,No,,,Common,Small,,,Some,Mixed Species flocks,,,,NA,30,4,NA,8.8,short,night,Guzy & Lowther 1997; Curson et al. 1994; Hutto 1997; Austin & Smith 1972; Dobbs & Martin 1998
Larus ,argentatus,Laridae,Herring Gull,510,,NA,NA,Partial,Yes,,,Common,,,,,,,,,NA,12,12,100,15.9,long,day,De Jong 1996
Acanthis,hornemanni,Fringillidae,Hoary Redpoll,5270,,NA,NA,Partial,Yes,Irruptive,Concurrent,Common,Small,Loose,,,,day,Yes,Yes,NA,10,10,NA,32.5,short,night,Weckstein et al. 2002; Byers et al. 1995; Tyler 1916
Lophodytes,cucullatus,Anatidae,Hooded Merganser,1310,,NA,NA,Partial,Yes,,,Sometimes,Small,,,,,night,No,,NA,180,180,100,7200,long,night,Badzinski 2005; Limpert & Earnst 1994; Kear 2005; Cooper et al. 1991; Bellrose 1976
Icterus ,cucullatus,Icteridae,Hooded Oriole,5050,,NA,NA,Partial,Yes,,,,,,,,,,,,NA,39,39,NA,26.9,short,,Hahn 1996
Setophaga,citrina,Parulidae,Hooded Warbler,6840,Concurrent,250,330,Complete,No,,,No,,,,,,night,,Yes,NA,25,12,NA,11.1,long,,Curson et al. 94; Eaton 1953; Baltz & Latta 1998; Latta & Wunderle 1996; Post 1978; Hall 1981; Stewart 1983; Hamel & Kirkconnell 2005; Recher & Recher 1966
Podiceps,auritus,Podicipedidae,Horned Grebe,30,,NA,NA,Complete,No,,,Common,,,,,,night,,,NA,10,10,NA,37.7,long,night,Oring et al. 1997; Ashmole 1970
Eremophila ,alpestris,Alaudidae,Horned Lark,4740,,NA,NA,Partial,Yes,,,Common,,,,Some,,day,Yes,Yes,NA,100,100,NA,31.4,short,day,Grzybowski 1983; Beason 1995
Troglodytes ,aedon,Troglodytidae,House Wren,7210,,NA,NA,Partial,Yes,,Concurrent,,,,,,,night,,No,NA,26,2,NA,10.9,short,night,Austin & Smith 1972; Johnson 1998; Farley et al. 2008; Taylor et al. 1983
Limosa,haemastica,Scolopacidae,Hudsonian Godwit,2510,,NA,NA,Complete,No,,Adults first,Common,Small,,,,Flocks may be medium,night,,,NA,50000,100,75,636,long,day,Wiley & Lee 2000; Hoffman et al. 1981
Passerina,cyanea,Cardinalidae,Indigo Bunting,5980,Adults first,270,330,Complete,No,,,Common,,,,,,night,No,Yes,NA,NA,NA,NA,41,short,,Page et al. 1995
Pagophila,eburnea,Laridae,Ivory Gull,,,NA,NA,Complete,No,Dispersive migration,,Common,Small,,,,Flocks may be medium,,,,NA,5,5,NA,24.3,short,,Pleasants & Albano 2001; Jaramillo & Burke 1999; Cruden & Herman-Parker 1977
Geothlypis,formosa,Parulidae,Kentucky Warbler,6770,Concurrent,240,310,Complete,No,,,No,,,,,,night,,Yes,NA,1000000,1000000,50000,281,long,,Burger & Gochfeld 2009; Duffy 1983; Cooper et al. 1991; Andrle 1966
Charadrius,vociferus,Charadriidae,Killdeer,2730,,NA,NA,Partial,Yes,,,Common,Small,,,,,night,Yes,,NA,NA,1,NA,45.8,long,night,Hughes 2001
Somateria,spectabilis,Anatidae,King Eider,1620,,NA,NA,Complete,No,,Adults first,Common,Medium,Tight,,,Flocks can be large but most are not in fall,day,,,NA,17000,17000,1180,2019,short,night,Palmer 1976; Guillemette et al. 1993; Goudie et al. 2000; Kear 2005; Guillemette 1994; Merkel et al. 2002; Gilchrist & Robertson 2000; Day et al. 2004; Bellrose 1976; Thompson & Person 1963
Rallus,elegans,Rallidae,King Rail,2080,,NA,NA,Partial,Yes,,,,,,,,,night,,,NA,120,60,100,70,long,night,Holmes & Pitelka 1998; Myers & Myers 1979; Dott 1985; Hayes & Fox 1991; Hope & Shortt 1944; Feldman et al. 1999
Setophaga,kirtlandii,Parulidae,Kirtland's Warbler,6700,,NA,NA,Complete,No,,,No,,,,,,night,,Yes,NA,NA,2,NA,9.92,short,night,Bakermans 2008; Curson et al. 1994; Hall 1996; Gaddis 1980; Latta & Wunderle 1996; Rodewald & Brittinghan 2002
Calcarius ,lapponicus,Calcariidae,Lapland Longspur,5360,,NA,NA,Complete,No,,,Sometimes,Medium,,,,Flocks range from small to large,night,Yes,Yes,NA,1,1,NA,50.3,short,,Cink 2002
Calamospiza,melanocorys,Passerellidae,Lark Bunting,6050,,NA,NA,Complete,No,,Adults first,Common,Small,,,,,day,,,NA,25,1,NA,15.9,long,,Curson et al. 1994; Eaton 1953; Post 1978; Rappole & Warner 1980; Morton 1980; Eaton 1995; Stewart 1983; Bakermans 2008
Chondestes,grammacus,Passerellidae,Lark Sparrow,5520,,NA,NA,Partial,Yes,,Adults first,Common,Small,,,,,night,,no,NA,21,2,NA,9.3,long,,Powell 1979; Buskirk et al. 1972; King & Rappole 2000; Curson et al. 1994; Morton 1980; Confer 1992; Bakermans 2008
Leucophaeus,atricilla,Laridae,Laughing Gull,580,,NA,NA,Partial,Yes,,,Common,Medium,,,,,,,,NA,1000,1000,1000,64.3,short,day,Avery 1995; Jaramillo & Burke 1999
Passerina,amoena,Cardinalidae,Lazuli Bunting,5990,Adults first,210,300,Complete,No,,Adults first,Common,,,,,,night,,,NA,30,NA,NA,46.1,long,,Calvert et al. 1979; Ortega & Hill 2010
Ixobrychus,exilis,Ardeidae,Least Bittern,1910,,NA,NA,Partial,Yes,,,,,,,,,,,,NA,1,NA,NA,716,short,,Watts 1995; Stevenson 1957
Empidonax ,minimus,Tyrannidae,Least Flycatcher,4670,Adults first,200,320,Complete,No,,Adults first,,,,,,,night,,No,NA,NA,1,1,12.8,long,,Whitehead & Taylor 2002; Hespenheide 1980; Morton 1980; Bakermans 2008
Calidris,minutilla,Scolopacidae,Least Sandpiper,2420,Adults first,200,340,Complete,No,,,Common,,,,,,night,,,NA,NA,30000,NA,45,long,night,Colwell & Jehl 1994; Hurlbert et al. 1984; Burger & Howe 1975; Mahoney & Jehl 1985
Sternula,antillarum,Laridae,Least Tern,740,,NA,NA,Complete,No,,Concurrent,Common,Small,Loose,Common,,,,,,NA,200,200,NA,123.2,short,night,Howell 1972; Lanyon 1995; Baird & Nisbet 1959
Ammospiza,leconteii,Passerellidae,LeConte's Sparrow,5480,Concurrent,240,340,Complete,No,,,No,,,,,,night,,Yes,NA,41,7,NA,9.6,long,night,Morton 1980; Thomas 1993; Rimmer & McFarland 1998; Tramer & Kemp 1982; Jones et al. 2000; Vidal et al. 1994; Hobson & Van Wilgenburg 2006; Gauthreaux 1972; Moore et al. 1990; Hall 1981; Stewart 1983; Rodewald & Brittingham 2002; Bakermans 2008
Chordeiles,acutipennis,Caprimulgidae,Lesser Nighthawk,4210,,NA,NA,Partial,Yes,,,Sometimes,Small,Loose,,,,day,No,No,NA,10,10,NA,13,short,,Visher 1910; Groschupf & Thomson 1998
Aythya,affinis,Anatidae,Lesser Scaup,1490,,NA,NA,Complete,No,,Concurrent,Common,Large,Tight,,,,night,No,,NA,30000,4200,NA,2725,long,night,Ely & Dzubin 1994; Ely 1992; Kear 2005; Cooper et al. 1991
Tringa,flavipes,Scolopacidae,Lesser Yellowlegs,2550,,NA,NA,Complete,No,,Adults first,Common,Small,,,,,night,,,NA,155,47,NA,200,short,,Stiles & Smith 1977; Shealer 1999; Forcey 2009
Melanerpes ,lewis,Picidae,Lewis's Woodpecker,4080,,NA,NA,Partial,Yes,,,Common,Small,,,,Flocks may be medium,day,No,,NA,NA,NA,1,89.4,short,night,Conway 1995
Melospiza ,lincolnii,Passerellidae,Lincoln's Sparrow,5830,Adults first,230,330,Complete,No,,,,,,,,,night,Yes,Yes,NA,8,2,NA,10.3,long,night,Reitsma et al. 2010; Jones 1977; Stewart 1983; Rodewald & Brittingham 2002; Bakermans 2008;
Egretta,caerulea,Ardeidae,Little Blue Heron,2000,,NA,NA,Partial,Yes,,,,Small,,,,,,,,NA,100,7,NA,296,short,,Custer & Osborn 1978; Erwin 1983; Frederick 1997; Smith 1995
Hydrocoloeus,minutus,Laridae,Little Gull,601,,NA,NA,Complete,No,,,Sometimes,Small,,,,,day,,,NA,150,150,21000,18.1,long,day,Turner 89; Brown & Brown 1999; Thomas 1993; van Tyne 1945; Recher & Recher 1966; Anderson et al. 2004
Lanius,ludovicianus,Laniidae,Loggerhead Shrike,6220,Adults first,190,300,Partial,Yes,,,No,,,,,,day,,No,NA,7,7,7,7497,long,day,Hunt 1987; Lewis 1995
Numenius,americanus,Scolopacidae,Long-billed Curlew,2640,,NA,NA,Complete,No,,Concurrent,Common,Small,,Sometimes,,,,,,NA,5,5,120,649.2,long,,Cuthbert & Wires 1999
Limnodromus,scolopaceus,Scolopacidae,Long-billed Dowitcher,2320,,NA,NA,Complete,No,,Adults first,Common,Small,,,,,night,Yes,,NA,100,100,100,269.6,long,,Gudmundsson et al. 2002; Wiley & Lee 1998
Asio,otus,Strigidae,Long-eared Owl,3660,,NA,NA,Partial,Yes,,Juveniles first,No,,,,,Irruptive,night,,No,NA,50,6,NA,6,short,day,Johnson et al. 1988; Ellison 1992; Hutto 1994; Gram 1998; Austin & Smith 1972; Rodewald & Brittingham 2002; Farley et al. 2008; Hamel & Kirkconnell 2005
Clangula,hyemalis,Anatidae,Long-tailed Duck,1540,,NA,NA,Complete,No,Pottentially limited residency,Concurrent,Common,Small,Tight,,,Evidence of medium migratory flocks in europe,night,Yes,,NA,60,60,NA,1130,short,night,Eadie et al. 2000; Beauchamp 1992; Kear 2005; Bellrose 1976
Stercorarius,longicaudus,Stercorariidae,Long-tailed Jaeger,380,,NA,NA,Complete,No,,,Sometimes,Small,,,,,day,,,NA,1,1,NA,148.8,short,,Haug et al. 1993
Parkesia,motacilla,Parulidae,Louisiana Waterthrush,6760,Adults first,200,300,Complete,No,,,No,,,,,,night,,Yes,NA,50,7,NA,9.87,long,,Curson et al. 1994; Ladd & Gass 1999; Vidal et al. 1994; King & Rappole 2000; Rappole et al. 1999; Johnson et al. 1988
Leiothlypis,luciae,Parulidae,Lucy's Warbler,6430,,NA,NA,Complete,No,,Concurrent,,,,,,,,,,NA,12,12,1,68.8,short,night,Cavitt & Haas 2000
Geothlypis,tolmiei,Parulidae,MacGillivray's Warbler,6800,Concurrent,220,320,Complete,No,,Juveniles first,,,,,,,,,,NA,50000,10000,11,432.4,long,,Maniscalco et al. 2001; Sealy 1973; Hoffman et al. 1981; Camphuysen & Webb 1999; Alerstam & Gudmundsson 1999; Hatch & Robertson 2009
Setophaga,magnolia,Parulidae,Magnolia Warbler,6570,Concurrent,220,330,Complete,No,,Juveniles first,Common,Small,Loose,,,Mixed Species flocks,night,Yes,Yes,NA,50,2,NA,9.1,long,,Vidal et al. 1994; Curson et al. 1994; Wright et al. 1998; Hutto 1987; Austin & Smith 1972; Rappole & King 1999; King & Rappole 2000; Gram 1998; Greenberg et al. 2001; Dobbs & Martin 1998
Anas,platyrhynchos,Anatidae,Mallard,1320,,NA,NA,Partial,Yes,Only hybrids in banding data,Concurrent,Common,Small,Tight,,,Adult males migrate before adult females and young.,night,Yes,,NA,85,25,100,620,short,night,Dubowy 1996; Munro 1957
Limosa,fedoa,Scolopacidae,Marbled Godwit,2490,,NA,NA,Complete,No,,Adults first,Common,,,,,,,,,NA,NA,3,65,429.2,long,,Wiley & Lee 1999; Duffy 1989; Bélisle & Giroux 1995; Pruett-Jones 1980
Cistothorus,palustris,Troglodytidae,Marsh Wren,7250,Concurrent,220,300,Partial,Yes,,,,,,,,,night,,No,NA,2,2,NA,10.6,short,night,Kroodsma & Verner 1997; Taylor et al. 1983
Falco,columbarius,Falconidae,Merlin,3570,Juveniles first,230,300,Partial,Yes,,Juveniles first,Sometimes,Small,Loose,,,,day,,,NA,50,NA,NA,19.8,short,,Hill & Gould 1997; Monson 1942; Grzybowski 1983; 
Ictinia,mississippiensis,Accipitridae,Mississippi Kite,3290,,NA,NA,Complete,No,,Concurrent,Common,Large,,,,,day,Yes,,NA,100,100,1000,245,long,day,Parker 1999; Kerlinger & Gauthreaux 1985b; Kerlinger 1989
Sialia ,currucoides,Turdidae,Mountain Bluebird,7680,,NA,NA,Complete,No,Very limited residency reported,Concurrent,Common,,,Common,,,day,,Yes,NA,43,43,NA,29.6,long,,Power & Lombardo 1996; Power 1966
Charadrius ,montanus,Charadriidae,Mountain Plover,2810,,NA,NA,Complete,No,Pottentially limited residency,,Common,Small,,,,,night,Yes,,NA,15,15,NA,26.3,short,night,Post and Greenlaw 1994; Byers et al. 1995
Zenaida,macroura,Columbidae,Mourning Dove,3160,,NA,NA,Partial,Yes,,,Common,Small,,,,,day,No,No,NA,350,NA,NA,13.6,short,,Eichinger & Moriarty 1985; Johnson et al. 2002; Cody 1971; Thompson et al. 1991
Geothlypis,philadelphia,Parulidae,Mourning Warbler,6790,Adults first,210,320,Complete,No,,,,,,,,,night,Yes,Yes,NA,100,100,22,529,short,,Mallory et al. 2008
Leiothlypis,ruficapilla,Parulidae,Nashville Warbler,6450,Adults first,230,340,Complete,No,,Concurrent,Common,Small,,,,Mixed Species flocks,night,,Yes,NA,NA,NA,NA,24.4,long,day,Robbins & Brenda 1999
Colaptes,auratus,Picidae,Northern Flicker,,,NA,NA,Partial,Yes,red-shafted/yellow-shafted seperated in banding,,Common,Small,Loose,,,Flocks may be medium,night,,No,NA,1,1,100,88,long,night,Melvin & Gibbs 1996; Stang & McRae 2009
Morus,bassanus,Sulidae,Northern Gannet,1170,,NA,NA,Partial,Yes,,Juveniles first,,,,,,Adults more resident,,,,NA,8,8,NA,25,long,,Mowbray 1999; Hennessey et al. 2003; Gauthreaux 1972; Moore et al. 1990; Rodewald & Brittingham 2002
Accipiter,gentilis,Accipitridae,Northern Goshawk,3340,,NA,NA,Mostly Resident,Yes,Southerly range expansion in winter,Juveniles first but considerable overlap,,,,,Some,,day,No,,NA,1,1,1,704,short,day,Squires & Reynolds 1997; Mueller et al. 2000; Kerlinger 1989
Circus ,hudsonius,Accipitridae,Northern Harrier,3310,,NA,NA,Partial,Yes,,Juveniles first,No,,,No,,,day,,,NA,1,1,10,372,long,day,MacWhirter & Bildstein 1996; Mueller et al. 2000; Cooper et al. 1991; Kerlinger 1989
Setophaga,americana,Parulidae,Northern Parula,6480,Adults first,250,320,Complete,No,,,Common,Small,,,,Mixed Species flocks,night,,Yes,NA,26,18,NA,10.3,long,night,Eaton 1953; Wilson 1996; Curson et al. 1994; Howell 1972; Latta & Wunderle 1996; Farley et al. 2008; Hamel & Kirkconnell 2005; Walkinshaw & Baker 1946
Anas,acuta,Anatidae,Northern Pintail,1430,Concurrent,220,300,Complete,No,Very limited residency reported,Concurrent,Common,Large,Tight,,,Adult males migrate before adult females and young.,night,Yes,,NA,4000,4000,1000,1006,long,night,Austin & Miller 1995; Kear 2005; Rave & Cordes 1993; Breault & Butler 1992; Miller 1983; Baldassarre & Bolen 1984; Cooper et al 1991; Combs & Botlzer 1991;
Stelgidopteryx,serripennis,Hirundidae,Northern Rough-winged Swallow,6170,,NA,NA,Partial,Yes,,,Common,Medium,,,,,day,,Yes,NA,1,1,1,565,short,day,Steenhof 1998; Kerlinger 1989
Aegolius,acadicus,Strigidae,Northern Saw-whet Owl,3720,Concurrent,260,320,Partial,Yes,,Adults first,No,,,,,Irruptive,night,,Yes,NA,500,500,15,563,short,night,Brua 2002; Munro 1957; Bellrose 1976; Brackbill 1952
Anas,clypeata,Anatidae,Northern Shoveler,1420,,NA,NA,Complete,No,,Concurrent,Common,Small,Tight,,,Adult males migrate before adult females and young.,night,,,NA,2500,2500,100,811,long,day,Mowbray 1999; Turnbull & Baldassarre 1987; Kear 2005; Breault & Butler 1992; Baldassarre & Bolen 1984; Bellrose 1976; Combs & Botzler 1991
Lanius,borealis,Laniidae,Northern Shrike,6210,,NA,NA,Complete,No,,Concurrent,Sometimes,Small,,Sometimes,,,day,,No,NA,7,7,NA,4900,short,,North 1994; Bailey 1922
Parkesia,noveboracensis,Parulidae,Northern Waterthrush,6750,Adults first,200,310,Complete,No,,,Common,Small,Loose,,,,night,,Yes,NA,22,7,NA,10.1,long,night,Morse 2004; Curson et al. 1994; Lerner & Stauffer 1998; Jones et al. 2000; Hall 1981; Stewart 1983; Hamel & Kirkconnell 2005; Rodewald & Brittingham 2002; Bakermans 2008
Contopus,cooperi,Tyrannidae,Olive-sided Flycatcher,4590,,NA,NA,Complete,No,,,No,,,,,,night,,No,NA,NA,1,NA,34.5,long,,Altman & Sallabanks 2000; Leck 1972
Leiothlypis,celata,Parulidae,Orange-crowned Warbler,6460,Concurrent,250,320,Partial,Yes,,,Sometimes,Small,,,,,night,,Yes,NA,12,12,NA,44,short,,Reynold et al. 1999; Kennedy 1911
Icterus ,spurius,Icteridae,Orchard Oriole,5060,Adults first,200,310,Complete,No,,,Common,Small,,,,,night,,No,NA,1000,NA,NA,24.6,long,day,Macdougall-Shackleton et al. 2000; Behle 1944; Martin et al. 1974
Pandion,haliaetus,Pandionidae,Osprey,3640,,NA,NA,Partial,Yes,,,No,,,,,,day,,,NA,100,100,NA,409,long,,Hoffman et al. 1981; Moskoff & Bevier 2002; Cramp & Simmons 1983
Seiurus,aurocapilla,Parulidae,Ovenbird,6740,Adults first,250,320,Complete,No,,,,,,,,,night,,Yes,NA,15,2,NA,8.96,long,night,Curson et al. 1994; Hall 1994; Morse 1970; Graves 2006; Hall 1981; Stewart 1983; Hamel & Kirkconnell 2005; Rodewald & Brittingham 2002; Bakermans 2008
Pluvialis,fulva,Charadriidae,Pacific Golden-Plover,2721,,NA,NA,Complete,No,,Adults first,Common,,,,,,night,Yes,,NA,1,1,NA,19.5,short,night,"Green et al. 2002; Pulliam & Mills 1977; Grzybowski 1983a,b; Byers et al. 1995"
Gavia,pacifica,Gaviidae,Pacific Loon,100,,NA,NA,Complete,No,,,Common,Small,Loose,,,,day,No,,NA,300,300,NA,18.6,long,night,Naugler 1993; Dowling 1956; Byers et al. 1995
Empidonax ,difficilis,Tyrannidae,Pacific-slope Flycatcher,4641,,NA,NA,Complete,No,,Adults first,,,,,,,,,,NA,NA,1,NA,11.4,short,,Lowther 2000; Gram 1998
Passerina,ciris,Cardinalidae,Painted Bunting,6010,Adults first,250,350,Complete,No,,,,,,,,,night,,Yes,NA,40,8,NA,8.4,short,night,Hejl et al. 2002; Morrison et al. 1987; Morse 1970; Rappole & King 1999
Setophaga,palmarum,Parulidae,Palm Warbler,6720,,NA,NA,Complete,No,seperated yellow/brown in banding,,Common,Small,,,,Mixed Species flocks,night,,Yes,NA,11,2,NA,10.3,long,night,Latta & Wunderle 1996; Guzy & Linville 1999; Stewart 1983; Hamel & Kirkconnell 2005
Stercorarius,parasiticus,Stercorariidae,Parasitic Jaeger,370,,NA,NA,Complete,No,,,Sometimes,Small,,,,,day,,,NA,1,1,1,1806,short,,Parmelee 1992; 
Calidris,melanotos,Scolopacidae,Pectoral Sandpiper,2390,,NA,NA,Complete,No,,Adults first,Common,Small,,,,,night,,,NA,2000000,2000000,NA,33.2,long,night,Sealy 1973; Rubega et al. 2000; Briggs et al. 1987; Ford et al. 2004; Alerstam & Gudmundsson 1999; Mahoney & Jehl 1985
Urile,pelagicus,Phalacrocoracidae,Pelagic Cormorant,1230,,NA,NA,Partial,Yes,,,Sometimes,Small,Loose,,,,day,No,,NA,1,1,NA,213.4,short,night,West & Hess 2002; Stang & McRae 2009
Falco,peregrinus,Falconidae,Peregrine Falcon,3560,,NA,NA,Partial,Yes,,,,,,,,,day,,,NA,34,34,1,21.4,short,night,Byers et al. 1995; Boysen et al. 2001; Nolan et al. 2002
Phainopepla,nitens,Bombycillidae,Phainopepla,6200,,NA,NA,Complete,No,,Concurrent,Common,Small,Loose,,,,,,,NA,1,1,40,109.9,short,day,Straight & Cooper 2000
Vireo,philadelphicus,Vireonidae,Philadelphia Vireo,6260,,NA,NA,Complete,No,,,Common,,,,,Mixed species flocks,night,,No,NA,1,1,NA,8.6,short,night,Gryzbowski 1995
Podilymbus,podiceps,Podicipedidae,Pied-billed Grebe,60,,NA,NA,Partial,Yes,,,Common,Small,,,,Flocks may be medium or large,night,,,NA,12,12,NA,115.2,long,day,Handel & Gill 2001; Storer 1951; Jewett 1914
Spinus,pinus,Fringillidae,Pine Siskin,5330,Concurrent,250,350,Partial,Yes,Irruptive,,Common,Medium,,,,Large flocks noted,day,,Yes,NA,1610,1610,30,34.8,long,night,Lyon & Montgomerie 1995; Orlowski & Bedski 2007
Setophaga,pinus,Parulidae,Pine Warbler,6710,Adults first,240,340,Partial,Yes,,,Sometimes,Small,,,,Mixed Species flocks,night,,Yes,NA,5,1,NA,18.9,short,night,Hamel & Kirkconnell 2005; Anich et al. 2010; Dunning 2008; Kirkconnell et al. 1996; Eaton 1953;
Charadrius,melodus,Charadriidae,Piping Plover,2770,Adults first,190,300,Complete,No,,,Common,Small,,,,,,,,NA,200,200,50,130,short,day,Otis et al. 2008; Leopold 1943; Hennesy & Van Camp 1963
Vireo,plumbeus,Vireonidae,Plumbeous Vireo,6292,,NA,NA,Partial,Yes,,,No,,,,,,,,,NA,40,NA,NA,14.3,long,,Goguen & Curson 2002; Hutto 1987
Stercorarius,pomarinus,Stercorariidae,Pomarine Jaeger,360,,NA,NA,Complete,No,,,Sometimes,Small,,,,,day,,,NA,1,1,1,53.9,short,night,McCallum 1994
Falco,mexicanus,Falconidae,Prairie Falcon,3550,,NA,NA,Partial,Yes,,,Sometimes,Small,,,,,day,,,NA,NA,155,250,28.1,long,night,Grzybowski 1983; Briskie 2009
Setophaga,discolor,Parulidae,Prairie Warbler,6730,Adults first,200,330,Partial,Yes,,,Sometimes,Small,Loose,,,,night,,Yes,NA,41,20,NA,13.1,short,night,Curson 94; Morse 1970; Latta & Wunderle 1996; Hunt & Flaspohler 1998; Gaddis 1980; Wilz & Giampa 1978; Post 1978; Hobson & Van Wilgenburg 2006; Rappole & Warner 1980; Hudon 1999; Farley et al. 2008; Stewart 1983; Rodewald & Brittingham 2002; Dobbs & Martin 1998
Protonotaria,citrea,Parulidae,Prothonotary Warbler,6370,,NA,NA,Complete,No,,Concurrent,Sometimes,Small,,,Some,,night,,Yes,NA,1,1,NA,13.75,long,,Curson et al. 1994; Mayfield 1992;
Haemorhous,purpureus,Fringillidae,Purple Finch,5170,,NA,NA,Partial,Yes,,Juveniles first,Common,,,,Some,,day,,Yes,NA,15,3,NA,29.1,short,night,Dobbs et al. 1998; Marshall 1960
Porphyrio,martinica,Rallidae,Purple Gallinule,2180,,NA,NA,Partial,Yes,,,,,,,,,night,,,NA,125,125,NA,39.7,long,night,Parmelee 1992; Myers & Myers 1979; Hayes & Fox 1991; Holland & Williams 1975
Progne ,subis,Hirundidae,Purple Martin,6110,Concurrent,200,250,Complete,No,,Concurrent,Common,Medium,,,,Flocks can be large,day,,No,NA,250,250,NA,37.9,long,night,Norment & Shackleton 2008; Graul 1967
Alca,torda,Alcidae,Razorbill,320,,NA,NA,Dispersive,No,,Concurrent,,,,Yes,,Offspring pair with parent at first but then split during migration,,No,,NA,12971,1145,NA,734.5,short,,Lavers et al. 2009; Camphuysen & Webb 1999; 
Calidris,canutus,Scolopacidae,Red Knot,2340,,NA,NA,Complete,No,,,Common,Small,,,,Flocks may be medium,night,Yes,,NA,NA,300,NA,375,long,night,Gill et al. 1998; Blankinship & King 1984
Phalaropus,fulicarius,Scolopacidae,Red Phalarope,,,NA,NA,Complete,No,,Adults first,Common,Small,,,,Flocks may be medium,night,,,NA,330,158,NA,112.5,long,,Shealer & Burger 1993; Gochfeld et al. 1998; Shealer 1996; Duffy 1986
Mergus,serrator,Anatidae,Red-breasted Merganser,1300,,NA,NA,Complete,No,,Concurrent,Common,Small,Tight,,,Adult males migrate before adult females and young.,night,,,NA,300,300,NA,1117,long,,Bordage & Savard 1995; Byrd et al. 1974; Sutton & Rowland 1946; Bellrose 1976
Sphyrapicus ,ruber,Picidae,Red-breasted Sapsucker,4030,,NA,NA,Partial,Yes,,,Sometimes,Small,,,Some,,,,,NA,174,174,NA,170,short,,Hayes & Fox 1991; Robinson et al. 1999; Engilis et al. 1998; Holland & Williams 1975
Vireo,olivaceus,Vireonidae,Red-eyed Vireo,6240,Adults first,220,320,Complete,No,,Concurrent,Common,,,,,Juvenile migration period more protracted. Mixed species flocks,night,No,No,NA,NA,2,NA,17.9,short,,Chace et al. 2002; Hamel & Kirkconnell 2005; Latta & Wunderle 1996
Cardellina,rubrifrons,Parulidae,Red-faced Warbler,6900,,NA,NA,Complete,No,Limited residency possible,,Common,Small,,,,Mixed Species flocks,,,,NA,NA,10,100,116.1,short,,Ewins 1999
Melanerpes ,erythrocephalus,Picidae,Red-headed Woodpecker,4060,,NA,NA,Partial,Yes,,Adults first,Common,Small,,,,,night,Yes,Yes,NA,1,1,1,415,short,night,Poole et al. 2005
Sphyrapicus ,nuchalis,Picidae,Red-naped Sapsucker,4021,Adults first,230,300,Partial,Yes,,,,,,,,,,,,NA,1,1,1,321.7,short,night,Eddleman & Conway 1998
Podiceps,grisegena,Podicipedidae,Red-necked Grebe,20,,NA,NA,Complete,No,,,Common,Small,,,,,night,,,NA,20,20,NA,186.8,long,,Senner & McCaffery 1997; Jewett 1914; Brown 1921
Phalaropus,lobatus,Scolopacidae,Red-necked Phalarope,2230,Adults first,190,270,Complete,No,,Adults first,Common,,,,,,night,,,NA,800,200,10000,123,long,night,Burger & Gochfeld 1991; Erwin 1978; Stiles & Smith 1977; Blokpoel et al. 1989; Duffy 1986; Nisbet 2002; Spear et al. 2007; Duffy 1989; Alerstam 1985
Buteo,lineatus,Accipitridae,Red-shouldered Hawk,3390,,NA,NA,Partial,Yes,,Juveniles first but considerable overlap,Uncommon,Small,Loose,,,,day,No,,NA,1,1,3,543.5,short,day,Dykstra et al. 2008; Mueller et al. 2000; Kerlinger & Gauthreaux 1985b; Kerlinger 1989
Buteo,jamaicensis,Accipitridae,Red-tailed Hawk,3370,,NA,NA,Partial,Yes,,Juveniles first,Uncommon,Small,Loose,,,,day,No,,NA,1,1,9,1028,long,day,Preston & Beane 1993; Mueller et al. 2000; Cooper et al. 1991; Kerlinger 1989
Gavia,stellata,Gaviidae,Red-throated Loon,110,,NA,NA,Complete,No,,Adults first,Common,Small,Loose,,,,day,Yes,,NA,100,20,3000,12,long,night,Knapton 1994; Byers et al. 1995; Forcey 2002
Agelaius ,phoeniceus,Icteridae,Red-winged Blackbird,4980,,NA,NA,Partial,Yes,,,Common,Small,,,,,day,,Yes,NA,1,1,1,1100,long,day,Booms et al. 2008; Kerlinger 1989
Aythya,americana,Anatidae,Redhead,1460,,NA,NA,Complete,No,Limited residency reported,,Common,Small,Tight,,,,,,,NA,15000,800,1000,838,long,night,Austin et al. 1998; Kear 2005; Munro 1957; Bellrose 1976; Thompson 1973
Larus ,delawarensis,Laridae,Ring-billed Gull,540,,NA,NA,Partial,Yes,,,Common,Medium,Loose,,,Flocks may be small,day,Yes,,NA,12333,12333,1000,70.5,short,day,Jaramillo & Burke 99; Yazukawa and Searcy 1995; Werner et al. 2005; Brugger et al. 1992; Proescholdt 1961
Aythya,collaris,Anatidae,Ring-necked Duck,1500,,NA,NA,Complete,No,Potentially very limited residency,Concurrent,Common,Small,Tight,,,Adult males migrate before adult females and young.,night,,,NA,1000,1000,35,1078,long,,Woodin & Michot 2002; Kear 2005; Michot et al. 1994
Calidris,ptilocnemis,Scolopacidae,Rock Sandpiper,2356,,NA,NA,Complete,No,,,Common,Small,,,,Flocks may be medium,day,,,NA,4,4,5,155.8,short,night,Keppie & Whitting 1994; Krohn et al. 1977
Salpinctes,obsoletus,Troglodytidae,Rock Wren,7150,,NA,NA,Partial,Yes,,,,,,,Some,,night,,,NA,NA,2,NA,16.5,short,night,Lowther et al. 2000; Austin & Smith 1972
Pheucticus,ludovicianus,Cardinalidae,Rose-breasted Grosbeak,5950,,NA,NA,Complete,Yes,,Concurrently,Sometimes,Small,,,,,night,Yes,Yes,NA,56,56,NA,46.1,long,night,Nol & Blanken 1999; Burger 1997
Sterna ,dougallii,Laridae,Roseate Tern,720,,NA,NA,Partial,Yes,,Concurrent,Common,,,,,,,,,NA,30,NA,NA,36.3,short,,Flood 2002; Jaramillo & Burke 1999; Austin & Smith 1972; Calvert et al. 1979
Anser,rossii,Anatidae,Ross's Goose,1700,,NA,NA,Complete,No,,Concurrent,Common,Large,Tight,Yes,,,,Yes,,NA,1000,1000,100,908,short,night,Leschack et al. 1997; Paulus 1984; Kear 2005; Bellrose 1976
Buteo,lagopus,Accipitridae,Rough-legged Hawk,3470,,NA,NA,Complete,No,,,Uncommon,Small,,,,,day,No,,NA,1,1,10,1027,long,day,Bechard & Swem 2002; Mueller et al. 2000; Cooper et al. 1991; Kerlinger 1989
Thalasseus,maximus,Laridae,Royal Tern,650,,NA,NA,Partial,Yes,,Concurrent,Common,Small,,Common,,,,,,NA,12333,NA,2000,94.5,long,day,Twedt & Crawford 1995; Werner et al. 2005
Corthylio,calendula,Regulidae,Ruby-crowned Kinglet,7490,Adults first,240,330,Complete,No,,,,,,,Some,,night,No,No,NA,30,30,100,35.9,long,,Moskoff & Montgomerie 2002; Myers & Myers 1979
Archilochus,colubris,Trochilidae,Ruby-throated Hummingbird,4280,Adults first,220,300,Complete,No,,Adults first,No,,,,,,day,,No,NA,1,1,1,3.08,long,day,Robinson et al. 1996
Oxyura,jamaicensis,Anatidae,Ruddy Duck,1670,,NA,NA,Partial,Yes,,,Common,Small,,,,,night,,,NA,400,400,NA,1712,short,night,Mallory & Metz 1999; Kear 2005; Bellrose 1976; Anderson et al. 1974
Arenaria,interpres,Scolopacidae,Ruddy Turnstone,2830,,NA,NA,Complete,No,,Adults first,Common,Small,,,,Flocks may be medium,,,,NA,NA,100,NA,100,long,night,Takekawa & Warnock 2000
Selasphorus,rufus,Trochilidae,Rufous Hummingbird,4330,Adults first,170,270,Complete,No,,Adults first,No,,,,,,day,,No,NA,1,1,NA,3.27,long,,Healy & Calder 2006
Euphagus,carolinus,Icteridae,Rusty Blackbird,5090,Adults first,250,320,Complete,No,,Concurrent,Common,Medium,,,,Flocks can be large,day,,Yes,NA,50,50,60,12.7,short,night,Knox & Lowther 2000b; West et al. 1968
Xema,sabini,Laridae,Sabine's Gull,620,,NA,NA,Complete,Yes,,Adults first,Common,Small,,,,,night,,,NA,1,1,1,47.7,short,day,Yosef 1996
Oreoscoptes,montanus,Mimidae,Sage Thrasher,7020,Concurrent,220,300,Complete,No,,,Sometimes,,,,,,,,,NA,10000,1000,NA,1747,short,,Good 1998; Hudson & Furness 1989
Ammospiza,caudacuta,Passerellidae,Saltmarsh Sparrow,5490,,NA,NA,Partial,Yes,,,,,,,,,night,,Yes,NA,NA,5,NA,8.1,short,night,Olson & Martin 1999; Curson et al. 1994; Hutto 1987; Wauer 1973
Calidris,alba,Scolopacidae,Sanderling,2480,,NA,NA,Complete,No,,Adults first,Common,Small,,,,,night,,,NA,NA,NA,150,282.1,long,night,McCaffery & Gill 2001; Byrd et al. 1974; Gerasimov & Gerasimov 2000
Antigone,canadensis,Gruidae,Sandhill Crane,2060,,NA,NA,Partial,Yes,,Concurrent,Sometimes,Small,Tight,Yes,,,day,Yes,,NA,27,NA,NA,13.1,short,night,Barbour 1941; Byers et al. 1995; Carey et al. 2008; Allaire & Fisher 1975
Thalasseus,sandvicensis,Laridae,Sandwich Tern,670,,NA,NA,Partial,Yes,,,Common,,,,,,,,,NA,1,1,NA,63.4,short,day,Cade & Atkinson 2002
Passerculus,sandwichensis,Passerellidae,Savannah Sparrow,5420,Concurrent,250,350,Partial,Yes,,,Common,,,,,,night,,Yes,NA,50,2,NA,8.06,long,night,Ammon & Gilbert 1999; Powell 1979; Buskirk et al. 1972; King & Rappole 2000; Curson et al. 1994; Hutto 1994; Rappole & Warner 1980; Leck 1975; Vidal et al. 1994; Johnson et al. 1988; Hall 1981; Hamel & Kirkconnell 2005; Rodewald & Brittingham 2002
Sayornis ,saya,Tyrannidae,Say's Phoebe,4570,,NA,NA,Partial,Yes,,,Sometimes,Small,,,,,day,,,NA,1,1,NA,21.2,long,day,Shukman & Wolf 1998
Piranga ,olivacea,Cardinalidae,Scarlet Tanager,6080,Adults first,270,320,Complete,No,,Concurrent,Sometimes,Small,,,,,night,,Yes,NA,50,50,100,225,long,night,Myers & Myers 1979; Munro 1957; Gerasimov & Gerasimov 2000; Paulson 1995
Tyrannus,forficatus,Tyrannidae,Scissor-tailed Flycatcher,4430,Concurrent,180,250,Complete,No,,,Common,Small,,,,,night,,No,NA,250,20,10000,38,long,day,FitzPatrick 1980; Morton 1980; Murphy 1996; Gauthreaux 1972; Williams 1945; Andrle 1966; Forcey 2002; Anderson et al. 2004
Icterus ,parisorum,Icteridae,Scott's Oriole,5040,,NA,NA,Partial,Yes,,Concurrent,Common,Small,,,,,,,,NA,50,50,NA,28.3,short,,Martin & Parrish 2000
Ammospiza,maritima,Passerellidae,Seaside Sparrow,5500,,NA,NA,Partial,Yes,,,,,,,,,night,Yes,Yes,NA,25,3,NA,7.4,long,night,Ewert & Askins 1991; Moldenhaeur & Regelski 1996; Eaton 1953; Post 1978; Stacier 1992; Stewart 1983; Hamel & Kirkconnell 2005
Cistothorus,stellaris,Troglodytidae,Sedge Wren,7240,Concurrent,250,320,Complete,No,,,Common,,,,,Mixed species flocks,night,,No,NA,2,2,NA,8.25,short,night,Herkert et al. 2001; Taylor et al. 1983
Charadrius,semipalmatus,Charadriidae,Semipalmated Plover,2740,Adults first,200,300,Complete,No,,Adults first,Common,,,,,,night,Yes,,NA,NA,1,NA,58.8,long,night,Hughes 1999
Calidris,pusilla,Scolopacidae,Semipalmated Sandpiper,2460,Adults first,180,300,Complete,No,,Adults first,Common,,,,,,night,,,NA,40,40,15,86.4,long,night,Miller 1947; Myers & Myers 1979; Tibbits & Moskoff 1999; Hayes & Fox 1991; Holland & Williams 1975; Brady 1990
Accipiter,striatus,Accipitridae,Sharp-shinned Hawk,3320,Juveniles first,230,320,Partial,Yes,Year-round in S. America.,Juveniles first,Uncommon,Small,,,,,day,No,,NA,1,1,3,103,short,day,Bildstein & Meyer 2000; Mueller et al. 2000; Cooper et al. 1991; Kerlinger & Gauthreaux 1985b; Kerlinger 1989
Limnodromus,griseus,Scolopacidae,Short-billed Dowitcher,2310,Adults first,200,320,Complete,No,,Adults first,Common,Medium,,,,Flocks may be small or large,night,,,NA,17,17,NA,68.5,long,night,Lanctot & Laredo 1994; Myers & Myers 1979; Myers 1980; Lanctot et al. 2002; Hayes & Fox 1991; Isaach & Martinez 2003; McCarty et al. 2009
Larus ,brachyrhynchus,Laridae,Short-billed Gull,,,NA,NA,Complete,No,Limited residency reported. Mew gull in banding,,,,,,,,,,,NA,70,70,320,21.3,long,day,"Robertson et al. 1992; McCarthy 1997; Baird & Nisbet 1959, 1960"
Asio,flammeus,Strigidae,Short-eared Owl,3670,,NA,NA,Partial,Yes,,,No,,,,,Irruptive,,,No,NA,12971,503,NA,2932,short,,Mowbray 2002; Camphuysen & Webb 1999
Calcarius ,pictus,Calcariidae,Smith's Longspur,5370,,NA,NA,Complete,No,,,Common,Medium,,,,Flocks can be small,night,,No,NA,100,100,NA,49.9,short,day,Latta & Baltz 1997; Land 1962
Plectrophenax ,nivalis,Calcariidae,Snow Bunting,5340,Juveniles first,230,320,Complete,No,Limited residency reported,,Common,Small,Loose,,,,night,,Yes,NA,NA,3,NA,15.4,long,night,Greene et al. 1996; Forcey 2009
Anser,caerulescens,Anatidae,Snow Goose,1690,,NA,NA,Complete,Yes,lesser/greater seperated in banding,Concurrent,Common,Large,Tight,Yes,,,night,Yes,,NA,2500,2500,35,1246,short,night,Palmer 1976; Drilling et al. 2002; Jorde et al. 1983; Kear 2005; Breault & Butler 1992; Cooper et al. 1991
Egretta,thula,Ardeidae,Snowy Egret,1970,,NA,NA,Partial,Yes,,,,,,,,,night,,,NA,955,398,NA,369,short,night,Parsons & Master 2000; Brady 1990; Erwin 1983; Master 1992; Smith 1995
Bubo,scandiacus,Strigidae,Snowy Owl,3760,,NA,NA,Partial,Yes,,,No,,,,,Irruptive,night,,No,NA,26,2,NA,30.3,long,night,Powell 1979; Hutto 1994; Rappole & Warner 1980; Morton 1980; Robinson 1996; Leck 1975; Thomas 1993; Gauthreaux 1972; Moore et al. 1990; Bakermans 2008
Charadrius,nivosus,Charadriidae,Snowy Plover,2780,,NA,NA,Partial,Yes,,,,,,,,,,,,NA,1000,1000,2000,538,short,day,Madge & Burn 94; Ward & Low 1997; Verbeek & Caffrey 2002; Knopf & Knopf 1983; Stouffer & Caccamise 1991
Tringa,solitaria,Scolopacidae,Solitary Sandpiper,2560,,NA,NA,Complete,No,,,Sometimes,Small,,,,,night,Yes,,NA,1,1,1,261,short,night,Konig et al. 1999; Marks et al. 1994
Melospiza ,melodia,Passerellidae,Song Sparrow,5810,Concurrent,220,330,Partial,Yes,,,,,,,,,night,,Yes,NA,5,1,NA,10.3,long,night,Rappole & Warner 1980; Ogden & Stutchbury 1994; Moore et al. 1990; Stewart 1983; Hamel & Kirkconnell 2005; Kirkconnell et al. 1996
Porzana,carolina,Rallidae,Sora,2140,,NA,NA,Partial,Yes,,,Common,Small,,,,Flocks may be medium,night,,,NA,150,150,25,56.5,long,night,Klima & Jehl 1998; De Leon & Smith 1999; Myers & Myers 1979; Hayes & Fox 1991
Somateria,fischeri,Anatidae,Spectacled Eider,,,NA,NA,Complete,No,,,Common,Small,Tight,,,,day,,,NA,1500,1500,30,887,short,,Kear 2005; Fredrickson 2001; Larned 2006; Alerstam & Gudmundsson 1999; Larned & Zwiefelhofer 2001; Systad & Bustnes 2001
Actitis,macularius,Scolopacidae,Spotted Sandpiper,2630,Adults first,180,300,Complete,No,,Adults first,Sometimes,Small,,,,,night,,,NA,125,125,1100,117,long,night,Jehl et al. 2001; Ashmole 1970; Holland & Williams 1975
Pipilo,maculatus,Passerellidae,Spotted Towhee,5880,,NA,NA,Partial,Yes,,,,,,,,,night,,No,NA,500,83,NA,1750,short,,Sealy 1973; Hoffman et al. 1981; Chilton  & Sealy 1987; Hobson 1997; Clowater 1998
Anthus,spragueii,Motacillidae,Sprague's Pipit,7000,,NA,NA,Complete,No,,,No,,,,,,day,,No,NA,15700,15700,NA,657,long,,Winkler 1996; Chilton & Sealy 1987; Porter & Sealy 1981; Vermeer et al. 1989
Polysticta,stelleri,Anatidae,Steller's Eider,,,NA,NA,Complete,No,,Concurrent,Common,Small,Tight,,,,,Yes,,NA,36,36,15,1082,short,night,Titman 1999; Kear 2005; Bellrose 1976; Clowater 1998
Calidris,himantopus,Scolopacidae,Stilt Sandpiper,2330,,NA,NA,Complete,No,,Adults first,Common,Small,,,,,night,Yes,,NA,6,6,31,497.4,long,night,Marks et al. 2002
Myiodynastes,luteiventris,Tyrannidae,Sulphur-bellied Flycatcher,4510,,NA,NA,Complete,No,,,,,,,,,,,,NA,NA,5,NA,46.7,short,,Lowther & Stotz 1999; Leck 1969
Piranga,rubra,Cardinalidae,Summer Tanager,6100,Adults first,250,330,Complete,No,,,,,,,,,night,,,NA,50,50,NA,145,long,night,Johnson & Connors 2010; Johnson et al. 2004; Johnston & McFarlane 1967; Gerasimov & Gerasimov 2000; Stinson et al. 1997; Myers & Myers 1979; Hayes & Fox 1991
Melanitta,perspicillata,Anatidae,Surf Scoter,1660,,NA,NA,Complete,No,,Adults first,Common,,,,,,night,,,NA,10,10,NA,554,short,night,Dugger et al. 2009; Dunning 2008; Barbour & DeGrange 1982; Kear 2005
Calidris,virgata,Scolopacidae,Surfbird,2820,,NA,NA,Complete,No,,Adults first,Common,Medium,,,,,,,,NA,7,7,700,164,long,night,Brady 1990; Elphick & Tibbits 1998; Hayes & Fox 1991
Buteo,swainsoni,Accipitridae,Swainson's Hawk,3420,,NA,NA,Complete,No,,Concurrent,Common,Large,,,,,day,No,,NA,12000,12000,10000,808,long,day,Bechard et al. 2010; Smith 1980; Kerlinger & Gauthreaux 1985b
Catharus,ustulatus,Turdidae,Swainson's Thrush,7580,Adults first,220,330,Complete,No,,,,,,,,,night,Yes,Yes,NA,1,1,NA,27.5,long,night,Rimmer et al. 2001; Evans 1994
Limnothlypis,swainsonii,Parulidae,Swainson's Warbler,6380,Concurrent,150,320,Complete,No,,,Sometimes,Small,,,,,night,,Yes,NA,50,2,NA,9.8,short,,Martin & Barber 1995; Hutto 1987; King & Rappole 2000; Vidal et al. 1994
Melospiza ,georgiana,Passerellidae,Swamp Sparrow,5840,Adults first,250,350,Complete,No,,,Common,,,,,,night,,Yes,NA,NA,NA,NA,NA,short,night,Hamel 1995; Curson et al. 1994
Leiothlypis,peregrina,Parulidae,Tennessee Warbler,6470,Adults first,180,330,Complete,No,,,Common,,,,,Mixed Species flocks,night,,Yes,NA,50,50,100,21.6,long,day,Verbeek & Hendricks 1994; Aldrich 1935; Forcey 2002
Rhynchophanes,mccownii,Calcariidae,Thick-billed Longspur,5390,,NA,NA,Complete,No,McGown's Longspur in banding,,Common,Medium,,,,,,,,NA,11,NA,NA,29.3,long,,Ingold 1993; Latta & Wunderle 1996; Gauthreaux 1972; Moore et al. 1990; Williams 1945
Uria ,lomvia,Alcidae,Thick-billed Murre,310,,NA,NA,Partial,Yes,,Concurrent,Sometimes,Small,Tight,Yes,,Offspring pair with parent at first,,No,,NA,15,15,30,952,short,,Gaston & Jones 1998; Gaston & Hipfner 2000; Merkel et al. 2002; McLaren 1982
Myadestes,townsendi,Turdidae,Townsend's Solitaire,7540,,NA,NA,Partial,Yes,,Adults first,No,,,,Some,,,,,NA,1,1,NA,32.4,short,,Bowen 1997
Setophaga,townsendi,Parulidae,Townsend's Warbler,6680,Concurrent,210,310,Complete,No,Very limited residency reported,,Common,Small,,,,Mixed Species flocks. Medium flocks possible,,,,NA,21,1,NA,14.39,long,night,Powell 1979; Rappole & Warner 1980; Morton 1980; McDonald 1998; Curson et al. 1996; Mabey & Morton 1992; Kirkconnell et al. 1996
Tachycineta ,bicolor,Hirundidae,Tree Swallow,6140,Concurrent,190,310,Complete,No,Very limited residency reported,,Common,,Loose,,,,day,,Yes,NA,1,1,1,612,long,day,White et al. 2002; Mueller et al. 2000; Kerlinger & Gauthreaux 1985b; Kerlinger 1989
Egretta,tricolor,Ardeidae,Tricolored Heron,1990,,NA,NA,Partial,Yes,,,,,,,,,,,,NA,1,1,NA,78.2,short,,Poole et al. 2009
Cygnus ,buccinator,Anatidae,Trumpeter Swan,1810,,NA,NA,Partial,Yes,,Concurrent,Common,Small,Tight,Yes,,,night,Yes,,NA,50000,50000,1000,2224,long,night,Mowbray et al. 2000; Gauthier et al. 1988; Jonsson & Afton 2008; pers. com; Prevett & MacInnes 1980; Kear 2005; Cooper et al. 1991
Cygnus ,columbianus,Anatidae,Tundra Swan,1800,,NA,NA,Complete,No,Whistling swan in banding,Concurrent,Common,Medium,Tight,Yes,,,night,Yes,,NA,1000,1000,NA,2370,short,,Petersen et al. 1994; Schmutz 1994; Kear 2005
Cathartes,aura,Accipitridae,Turkey Vulture,3250,,NA,NA,Partial,Yes,,,Sometimes,Medium,Loose,,,,day,No,,NA,20,20,200,1430,short,day,Kirk & Mossman 1998; Buckley 1996; Kerlinger & Gauthreaux 1985b; Kerlinger 1989; van Tyne 1945
Bartramia,longicauda,Scolopacidae,Upland Sandpiper,2610,,NA,NA,Complete,No,,,Common,Small,,,,,night,Yes,,NA,30,30,1000,220,long,night,Hope & Shortt 1944; Elphick & Klima 2002; Myers & Myers 1979
Passerina ,versicolor,Cardinalidae,Varied Bunting,6000,,NA,NA,Partial,Yes,,,Common,Medium,,,,,,,,NA,15,15,NA,53,long,,Elliott-Smith & Haig 2006; Nicholls & Baldassarre 1990
Ixoreus ,naevius,Turdidae,Varied Thrush,7630,Concurrent,250,300,Partial,Yes,,,,,,,,,,,,NA,20,20,NA,78.4,short,,George 2000; Martin 1970;
Chaetura,vauxi,Apodidae,Vaux's Swift,4240,,NA,NA,Partial,Yes,,,Common,Large,Tight,,,,day,,,NA,165,100,1000,35.4,long,day,Lowther & Collins 2002; Forcey 2002; Stiles & Negret 1994
Catharus,fuscescens,Turdidae,Veery,7560,Adults first,220,300,Complete,No,,Concurrent,Common,,,,,,night,Yes,Yes,NA,26,2,NA,28.3,long,night,Jones & Donovan 1996; Gram 1998; Brown et al. 2000; Farley et al. 2008
Pooecetes,gramineus,Passerellidae,Vesper Sparrow,5400,Concurrent,150,340,Partial,Yes,,,Common,Small,,,,,night,,Yes,NA,77,20,100,161.1,short,night,Wiebe & Moore 2008; Short 1961; Jones & Bock 2003
Tachycineta ,thalassina,Hirundidae,Violet-green Swallow,6150,,NA,NA,Partial,Yes,,,Common,Medium,,,Some,,day,Yes,,NA,1,1,7,111,short,day,Smallwood & Bird 2002; Mueller et al. 2000; Kerlinger & Gauthreaux 1985b; Kerlinger 1989
Rallus,limicola,Rallidae,Virginia Rail,2120,Concurrent,230,320,Partial,Yes,,,No,,,,,,night,No,,NA,200,20,NA,23.2,long,night,De Leon & Smith 1999; Nebel & Cooper 2008; Tripp & Collazo 1997; Munro 1957; van Tyne 1945
Leiothlypis,virginiae,Parulidae,Virginia's Warbler,6440,Concurrent,200,280,Complete,No,,,,,,,,,night,,,NA,25,25,12,1485.5,long,day,Fleming et al. 92; Greene 87; Poole et al. 2002; Kerlinger & Gauthreaux 1985b; Kerlinger 1989
Tringa,incana,Scolopacidae,Wandering Tattler,2590,,NA,NA,Complete,No,,Adults first,Common,,,,,,,,,NA,20,20,NA,46.9,long,,Thompson et al. 1997
Vireo,gilvus,Vireonidae,Warbling Vireo,6270,,NA,NA,Partial,Yes,,,Common,,,,Some,Mixed species flocks,night,,No,NA,50,NA,NA,15.3,long,night,Farley et al. 2008; James 1998; Johnson et al. 1988; Rodewald & Brittingham 2002; Rappole et al. 1999; Vidal et al. 1994
Sialia ,mexicana,Turdidae,Western Bluebird,7670,,NA,NA,Partial,Yes,,,Common,Small,Loose,Common,Common,,day,,,NA,13,13,20,25.8,short,day,Davis 1957; Guinan et al. 2008; Keyser et al. 2004
Aechmophorus,occidentalis,Podicipedidae,Western Grebe,10,,NA,NA,Partial,Yes,,,Common,,,,,,night,,,NA,45,35,NA,6.3,short,night,Morse 1970; Lagory et al. 1984; Ingold & Galati 1997; Rodewald & Brittingham 2002
Tyrannus,verticalis,Tyrannidae,Western Kingbird,4470,,NA,NA,Complete,No,,Adults first,Sometimes,Small,Loose,,,Flocks may be medium,day,,No,NA,NA,1,NA,45,short,,Tweit & Tweit 2000
Sturnella,neglecta,Icteridae,Western Meadowlark,5011,,NA,NA,Partial,Yes,,,Common,Small,Loose,,,Flocks may medium,night,,No,NA,590,130,12,2349,long,day,Russell 2002; Clowater 1998
Calidris,mauri,Scolopacidae,Western Sandpiper,2470,Adults first,180,300,Complete,No,,Adults first,Common,,,,,,night,,,NA,100,100,300,49.7,long,night,Alerstam & Gudmundsson 1999; Tracy et al. 2002; Obst & Hunt 1990; Gudmundsson et al . 2002; Byrd et al. 1974
Piranga,ludoviciana,Cardinalidae,Western Tanager,6070,Adults first,200,340,Complete,No,,Adults first,Sometimes,Small,,,,,night,,,NA,NA,596,30,100.7,short,night,Knopf & Rupert 1999; Knopf & Wunder 2006; Wunder & Knopf 2003;
Contopus,sordidulus,Tyrannidae,Western Wood-Pewee,4620,Adults first,220,300,Complete,No,,,No,,,,,,,,,NA,NA,1,NA,12.8,long,,Bemis & Rising 1999; Austin & Smith 1972
Numenius,phaeopus,Scolopacidae,Whimbrel,2650,,NA,NA,Complete,No,,Adults first,Common,Small,,,,,night,Yes,,NA,530,530,NA,158,short,,McNicholl et al. 2001; Master 1992; Schreffler et al. 2010
Eudocimus,albus,Threskiornithidae,White Ibis,1840,,NA,NA,Partial,Yes,,,Common,,,,,,,,,NA,5000,5000,NA,1036,short,,Kushlan 1979; Frederick et al. 2009; Smith 1995; Petit & Bildstein 1987; Bennetts & Dreitz 1997
Zonotrichia,leucophrys,Passerellidae,White-crowned Sparrow,5540,Concurrent,250,320,Partial,Yes,,Juveniles first,No,,,,,,night,,Yes,NA,1000,1000,40,421.6,short,night,Briggs et al. 1987; Cullen et al. 1999; Mahoney & Jehl 1985
Vireo,griseus,Vireonidae,White-eyed Vireo,6310,Adults first,250,340,Partial,Yes,,Concurrent,,,,,,,night,No,No,NA,NA,2,NA,18,long,night,Hamel & Kirkconnell 2005; Rodewald & James 1996; Tramer & Kemp 1982
Plegadis,chihi,Threskiornithidae,White-faced Ibis,1870,,NA,NA,Partial,Yes,,,Common,,,,,,,,,NA,1000,1000,NA,679,short,,Ryder & Manry 1994; Amat & Rilla 1994; Bray & Klebenow 1988
Calidris,fuscicollis,Scolopacidae,White-rumped Sandpiper,2400,,NA,NA,Complete,No,,,,,,,,,night,,,NA,1,1,50,354.8,long,,Skeel & Mallory 1996; Hope & Shortt 1944; Gerasimov & Gerasimov 2000; Stinson et al. 1997
Zonotrichia,albicollis,Passerellidae,White-throated Sparrow,5580,Concurrent,230,340,Complete,No,,,Common,,Loose,,,,night,Yes,Yes,NA,1,1,NA,1429,short,night,Storer & Nuechterlein 1992; Clowater 1998
Aeronautes,saxatalis,Apodidae,White-throated Swift,4250,,NA,NA,Partial,Yes,,,,,,,,,day,,,NA,12,12,300,23.6,long,day,Cink & Collins 2002; Spendelow 1985
Zenaida,asiatica,Columbidae,White-winged Dove,3190,,NA,NA,Partial,Yes,,Adults first,Common,Small,,,,,day,No,No,NA,NA,NA,NA,15.3,short,night,Greenlaw & Rising 1994; Byers et al. 1995
Melanitta,deglandi,Anatidae,White-winged Scoter,1650,,NA,NA,Complete,No,,,Common,Medium,Tight,,,,night,,,NA,5000,5000,NA,672,short,,Robertson & Goudie 1999; Taber 1946; Kear 2005
Grus,americana,Gruidae,Whooping Crane,2040,,NA,NA,Partial,Yes,,Concurrent,Sometimes,Small,Tight,Yes,,,day,Yes,,NA,NA,10,NA,11.2,short,,Tenney 1997; Byers et al. 1995
Tringa,semipalmata,Scolopacidae,Willet,2580,Adults first,180,350,Complete,No,,Adults first,Common,Small,,,,,night,Yes,,NA,1,1,NA,315,short,,Wiggins et al. 2006
Sphyrapicus ,thyroideus,Picidae,Williamson's Sapsucker,4040,,NA,NA,Partial,Yes,,,Common,Small,,,Yes,,,,,NA,360,360,NA,306.6,short,night,De Leon & Smith 1999; Davis & Smith 1998; Robinson et al. 1997; Evans & Harris 1994; Mahoney & Jehl 1985
Empidonax ,traillii,Tyrannidae,Willow Flycatcher,4660,Adults first,220,290,Complete,No,,Adults first,,,,,,,night,,No,NA,50,1,NA,10.59,long,night,Sedgwick 1994; Vidal et al. 1994; Rappole et al. 1999; King & Rappole 2000
Phalaropus,tricolor,Scolopacidae,Wilson's Phalarope,2240,Adults first,180,250,Complete,No,,Adults first,Common,,,,,,night,,,NA,155,100,NA,475,short,,Stiles & Smith 1977; Buckley & Buckley 2002
Gallinago,delicata,Scolopacidae,Wilson's Snipe,2300,Concurrent,270,350,Partial,Yes,,,Common,,,,,,night,Yes,,NA,250,250,NA,99.4,long,,Gill et al. 2002;
Cardellina,pusilla,Parulidae,Wilson's Warbler,6850,Concurrent,220,330,Complete,No,,Concurrent,Sometimes,Small,,,,Mixed Species flocks,night,,Yes,NA,50000,161,NA,1224,short,night,Maniscalco et al. 2001; Sealy 1973; Hoffman et al. 1981; Chilton & Sealy 1987; Hayward & Verbeek 2008; Woodby & Divoky 1982
Troglodytes ,hiemalis,Troglodytidae,Winter Wren,7222,,NA,NA,Partial,Yes,,,,,,,,,night,,No,NA,13,2,NA,9.4,short,night,Morse 1970; Hejl et al. 2002; Taylor et al. 1983
Aix,sponsa,Anatidae,Wood Duck,1440,Concurrent,270,330,Partial,Yes,,,Common,Small,Tight,,,,night,,,NA,50,50,12,694,short,night,Hepp and Bellrose 1995; Kear 2005
Hylocichla,mustelina,Turdidae,Wood Thrush,7550,Concurrent,260,320,Complete,No,,,,,,,,,night,,Yes,NA,6,6,1,47.8,long,night,Roth et al. 1996; Rappole et al. 1989; Rappole & Warner 1980; Morton 1980; Gauthreaux 1972
Helmitheros,vermivorum,Parulidae,Worm-eating Warbler,6390,Adults first,220,300,Complete,No,,,,,,,,,night,,Yes,NA,2000,2000,100,196,long,night,Day et al. 2001; Loftin 1991; Duffy 1989
Coturnicops,noveboracensis,Rallidae,Yellow Rail,2150,,NA,NA,Complete,No,,Adults first,Common,,,,,,night,,,NA,150,150,100,61,long,night,MacWhirter et al. 2002; Burger & Gochfeld 1991; Silliman et al. 1977; Myers & Myers 1979; Gudmundsson & Lindstrom 1992; Hope & Shortt 1944; Byrd et al. 1974
Setophaga,petechia,Parulidae,Yellow Warbler,6520,Concurrent,240,320,Complete,No,,,Common,,,,,,night,Yes,Yes,NA,1,1,NA,25.6,short,night,Eckerle & Thompson 2001; Curson et al. 1996; Stewart 1983
Empidonax ,flaviventris,Tyrannidae,Yellow-bellied Flycatcher,4630,,NA,NA,Complete,No,,Adults first,Common,,,,,,night,No,No,NA,1,1,1,10.4,long,,Tarof & Briskie 2008; Rappole & Warner 1980;
Sphyrapicus ,varius,Picidae,Yellow-bellied Sapsucker,4020,Concurrent,200,350,Complete,No,,,Sometimes,Small,Loose,,,,night,No,No,NA,60,9,NA,6.9,long,night,Gram 1998; Morse 1970; Swanson et al. 2008; Lagory et al. 1984; Farley et al. 2008; Rodewald & Brittingham 2002
Coccyzus,americanus,Cuculidae,Yellow-billed Cuckoo,3870,Adults first,250,330,Complete,No,,,Sometimes,Small,,,,,night,No,Yes,NA,1000,400,70,37.6,short,day,Shane 2000; Thompson et al. 1991; Shane & Seltman 1995
Gavia ,adamsii,Gaviidae,Yellow-billed Loon,80,,NA,NA,Complete,No,,,Sometimes,Small,Loose,,,,day,Yes,,NA,200,200,1000,12.1,short,night,Howell 1972; Cody 1972; Byers et al. 1995; Middleton 1998; Allaire & Fisher 1975; Forcey 2002
Icteria,virens,Parulidae,Yellow-breasted Chat,6830,Adults first,190,340,Complete,No,Very limited residency reported,,Sometimes,Small,,,,,night,,No,NA,26,2,1,32.3,short,night,Cimprich & Moore 1995; Rappole & Warner 1980; Farley et al. 2008; Gauthreaux 1972; Hamel & Kirkconnell 2005
Nyctanassa,violacea,Ardeidae,Yellow-crowned Night-Heron,2030,,NA,NA,Partial,Yes,,,,,,,,,,,,NA,1,1,NA,913,short,,Hothem et al. 2010
Xanthocephalus ,xanthocephalus,Icteridae,Yellow-headed Blackbird,4970,,NA,NA,Complete,No,Very limited residency reported,,Common,Small,Loose,,,,day,,Yes,NA,8,8,15,1896,long,,Barr et al. 2000
Setophaga,coronata,Parulidae,Yellow-rumped Warbler,,,NA,NA,Partial,Yes,Audubon and Myrtle in banding,,,,,,Some,,night,,Yes,NA,50,4,NA,8.9,long,night,Gramm 1998; Powell 1979; Buskirk et al. 1972; Morse & Poole 2005; Dunning 2008; King & Rappole 2000; Latta & Wunderle 1996; Johnson et al. 1988; Hall 1981; Stewart 1983; Hamel & Kirkconnell 2005; Rodewald & Brittingham 2002; Bakermans 2008
Vireo,flavifrons,Vireonidae,Yellow-throated Vireo,6280,,NA,NA,Complete,No,,,No,,,,,,night,,No,NA,30,1,NA,20.7,long,night,Cimprich et al. 2000; Thiollay & Julien 1998; Gauthreaux 1972; Moore et al. 1990; Murray 1966; Rodewald & Brittingham 2002; Bakermans 2008
Setophaga,dominica,Parulidae,Yellow-throated Warbler,6630,,NA,NA,Partial,Yes,,,No,,,,,,night,,Yes,NA,25,2,8,7.5,short,night,Eaton 1953; Latta & Wunderle 1996; Nolan et al. 1999; Post 1978; Curson et al. 1994; Stewart 1983; Hamel & Kirkconnell 2005
Buteo ,albontatus,Accipitridae,Zone-tailed Hawk,3400,,NA,NA,Complete,No,Year-round in S. America.,,Uncommon,Small,,,,,,No,,NA,NA,1,3,628,short,,Johnson et al. 2000; Willis 1963