Genus,Species,Family,Common_name,AOU,Banding_cohort_timing,BOTW_cohort_timing,Combined_Cohort_Timing,Start,End,Migration,Note,Flocking,Max_flock_size_travelling,Flock_size,Combined_Flock_Size,Flock_structure,Family_grouping,Altitudinal,Comments,BOTW_migration_timing,Beauchamp_migration_timing,Combined_Migration_Timing,BOTW_MFC,Evans_MFC,Combined_MFC,Max_flock_size,Max_flock_size_conspecifics,Male_mass_g,Mig_distance,CBC_Lon_slope,CBC_Lat_slope,BBS_Lon_slope,BBS_Lat_slope,CBC_Lon_slope_Error,CBC_Lat_slope_Error,BBS_Lon_slope_Error,BBS_Lat_slope_Error
Empidonax,virescens,Tyrannidae,Acadian Flycatcher,4650,Adults first,Adults first,Adults first,230,320,Complete,,,,,,,,,,night,night,night,,No,No,1,1,12.5,short,,,168.3342705,300.7046987,,,655.8684351,180.4983821
Empidonax,alnorum,Tyrannidae,Alder Flycatcher,4661,Adults first,Adults first,Adults first,230,270,Complete,,,1,,Solo,,,,,night,,night,,No,No,30,1,10.7,short,,,-2020.035804,-727.2295644,,,1134.646673,994.9326381
Selasphorus,sasin,Trochilidae,Allen's Hummingbird,4340,Adults first,Adults first,Adults first,160,260,Partial,,No,1,,Solo,,,,,day,,day,,,,1,1,2.85,short,-14847.5248,5532.453185,-131.262921,585.1077249,31258.07605,19648.61047,11110.66439,1596.437613
Recurvirostra,americana,Recurvirostridae,American Avocet,2250,,,,,,Partial,,Sometimes,400,Small,Small,,,,Flocks may be medium,night,day,night,,,,100,100,101.6,short,-17844.17483,2157.286594,1027.960349,130.8618517,172898.6131,199539.364,6557.46149,1570.128841
Botaurus,lentiginosus,Ardeidae,American Bittern,1900,,,,,,Partial,"Some residency, but only assumed",,75,,Small,,,,,day,day,day,,,,1600,66,371.8,short,17181.5687,-2679.858419,1479.458951,559.4783748,18576.51888,4571.446992,777.0433784,1525.274989
Anas,rubripes,Anatidae,American Black Duck,1330,Concurrent,Concurrent,Concurrent,230,360,Partial,,Yes,25,Small,Small,Tight,,,,night,night,night,,,,30,30,335,short,,,957.4919988,4257.388518,,,7202.4413,2736.535822
Fulica,americana,Rallidae,American Coot,2210,,Concurrent,Concurrent,,,Partial,,Sometimes,1000,Small,Small,Loose,,,,night,night,night,,,,3000,3000,49.5,long,-8931.730853,4239.348763,2636.07092,3873.285515,5007122.144,3941901.74,3163.704996,2522.296414
Corvus,brachyrhynchos,Corvidae,American Crow,4880,,,,,,Partial,,,,,,,,,,day,,day,,No,No,,,18.5,short,741.2855559,4054.846514,1909.733046,-1215.10869,1111.44206,430.4372448,198.0911049,94.38894517
Pluvialis,dominica,Charadriidae,American Golden-Plover,2720,,Adults first,Adults first,,,Complete,,Yes,,,,,,,,night,night,night,Yes,,Yes,1,1,17,short,,,,,,,,
Spinus,tristis,Fringillidae,American Goldfinch,5290,Concurrent,,Concurrent,220,350,Partial,,Yes,,,,,,,,day,night,day,,Yes,Yes,350,80,24.02,short,1120.947947,10145.98844,4024.31695,-1685.785934,639.1198311,671.6151717,392.6525147,166.9040842
Falco,sparverius,Falconidae,American Kestrel,3600,Concurrent,Concurrent,Concurrent,240,310,Partial,,Sometimes,,Small,Small,Loose,,,Adult males migrate after adult females and young,day,night,day,,,,6,6,18.6,short,-6742.772896,2420.354177,-2759.925899,-2331.538857,482.141408,333.3899025,389.3347958,218.5397159
Haematopus,palliatus,Haematopodidae,American Oystercatcher,2860,,,,,,Partial,,,,,,,No,,,,night,night,,,,27,15,31.4,short,-1098.868322,-555.8433634,-81.34199983,-106.0771165,14199.72837,8207.865804,18467.3871,8379.637804
Anthus,rubescens,Motacillidae,American Pipit,6970,Concurrent,Concurrent,Concurrent,240,320,Complete,,Yes,100,Medium,Medium,Loose,,,Flocks may be small,day,,day,,No,No,50000,19500,327,long,17096.23578,-4095.24848,-26.18217535,27.11923203,4442.715308,3294.280103,18890.04748,1445.506637
Setophaga,ruticilla,Parulidae,American Redstart,6870,Adults first,Juveniles first,Juveniles first,220,320,Complete,,,,,,,,,,night,,night,Yes,Yes,Yes,1,1,10.4,long,,,-3727.101343,-235.7723265,,,763.627179,359.1801741
Turdus,migratorius,Turdidae,American Robin,7610,Concurrent,,Concurrent,210,350,Partial,,Yes,25000,,Large,,,,,night,night,night,,Yes,Yes,350,350,77.3,short,-2619.200661,10923.03408,-80.97408233,-772.8094201,1450.795993,3083.787182,178.9791092,90.70858867
Spizelloides,arborea,Passerellidae,American Tree Sparrow,5590,Concurrent,,Concurrent,250,320,Complete,,Yes,,,,,,,,night,,night,Yes,Yes,Yes,1,1,50.5,short,,,,,,,,
Pelecanus,erythrorhynchos,Pelecanidae,American White Pelican,1250,,,,,,Partial,,Yes,,Medium,Medium,,,,,day,night,day,No,,No,200,200,474,long,-400.6683048,7144.727911,17551.2189,-413.8523207,2309.983176,10012.65645,13546.48746,5316.754955
Mareca,americana,Anatidae,American Wigeon,1370,Concurrent,Concurrent,Concurrent,230,300,Complete,Year-round range seasonal populations differ,Yes,,Large,Large,Tight,,,Adult males migrate before adult females and young.,day,night,day,Yes,,Yes,1000,1000,796.1,short,-12472.85022,6811.159501,316.0958083,-2278.74594,5014.586079,2364.428381,2157.610808,2737.558478
Scolopax,minor,Scolopacidae,American Woodcock,2280,Concurrent,,Concurrent,270,360,Partial,,Sometimes,150,Small,Small,Loose,,,,night,night,night,,,,96,52,111,long,4109.195415,4437.32984,-146.7062354,486.1979173,1882.630302,1743.619716,2584.819529,1162.748552
Sterna,paradisaea,Laridae,Arctic Tern,710,,,,,,Complete,,Yes,1000,Small,Small,,,,,night,day,night,,,,70000,7000,119.6,short,,,,,,,,
Myiarchus,cinerascens,Tyrannidae,Ash-throated Flycatcher,4540,,,,,,Partial,,,1,,Solo,,,,,night,night,night,,No,No,1,1,33.5,long,2510.280241,-1531.561917,2714.465925,-944.088856,7608.397484,4238.975553,1399.056983,664.9724398
Vermivora,bachmanii,Parulidae,Bachman's Warbler,,,,,,,Complete,Declared extinct by some,,,,,,,,,night,,night,,,,,,10,short,,,,,,,,
Calidris,bairdii,Scolopacidae,Baird's Sandpiper,2410,Adults first,Adults first,Adults first,190,260,Complete,,Yes,,Small,Small,,,,,,night,night,Yes,,Yes,3,3,48.4,long,,,,,,,,
Centronyx,bairdii,Passerellidae,Baird's Sparrow,5450,,,,,,Complete,,Sometimes,2,Small,Small,,,,,night,night,night,Yes,Yes,Yes,2,2,20.4,short,-8997.385438,5792.061383,-4235.973037,491.1858661,19126.80726,17134.32041,2357.174653,3567.818785
Haliaeetus,leucocephalus,Accipitridae,Bald Eagle,3520,,Concurrent,Concurrent,,,Partial,,Sometimes,2,Small,Small,,,,,day,day,day,No,,No,300,300,4230,short,5712.659571,4788.490473,2330.522247,1101.025206,1025.421696,663.8889947,1853.952534,1198.019602
Icterus,galbula,Icteridae,Baltimore Oriole,5070,Adults first,Concurrent,Concurrent,220,320,Complete,,Yes,,Small,Small,,,,,night,,night,,No,No,200,200,26.01,short,,,-4215.233461,-1014.83761,,,508.7728384,167.9243143
Patagioenas,fasciata,Columbidae,Band-tailed Pigeon,3120,,,,,,Partial,,Yes,,Small,Small,,,,,day,night,day,,,,1,1,13.4,short,10.6389907,-1881.697442,-1742.705311,673.811399,19876.39951,1524.700281,4359.555707,1537.711038
Riparia,riparia,Hirundidae,Bank Swallow,6160,,,,,,Complete,,Yes,5,Medium,Medium,,,,Flocks can be large,day,day,day,,Yes,Yes,1,1,185.3,long,,,-37613.59055,-2970.928264,,,4824.295649,3434.431311
Limosa,lapponica,Scolopacidae,Bar-tailed Godwit,2500,,Adults first,Adults first,,,Complete,,Yes,100,Small,Small,,,,Flocks may be medium,night,night,night,Yes,,Yes,3000,3000,48,long,,,,,,,,
Hirundo,rustica,Hirundidae,Barn Swallow,6130,,,,,,Complete,,Yes,,Medium,Medium,,,,Flocks can be large,day,night,day,,Yes,Yes,75,75,33.2,long,,,-1569.575683,-6129.919143,,,220.2518032,317.6363283
Bucephala,islandica,Anatidae,Barrow's Goldeneye,1520,,,,,,Complete,Pottentially limited residency,,,,,,,,,night,,night,,,,40,40,1143,short,5291.608097,-3158.140874,-242.5193845,-519.4486967,11802.45949,8280.194257,8733.870442,8230.726865
Setophaga,castanea,Parulidae,Bay-breasted Warbler,6600,Adults first,,Adults first,220,320,Complete,,Yes,,,,,,,Mixed Species flocks,night,night,night,,Yes,Yes,7,7,10,long,,,3241.21515,1417.287944,,,6029.970603,3758.909862
Artemisiospiza,belli,Passerellidae,Bell's Sparrow,5739,,Concurrent,Concurrent,,,Partial,,Yes,,Small,Small,,,Sometimes,,,,,,,,11,2,22.5,long,,,345.0988377,-336.0505044,,,11706.63901,2151.730425
Vireo,bellii,Vireonidae,Bell's Vireo,6330,Concurrent,,Concurrent,240,350,Partial,,,,,,,,,,night,night,night,,No,No,30,2,11.25,long,8428.820163,2737.089523,608.9779266,1095.193276,18103.78986,106403.8301,582.9178287,913.8040443
Megaceryle,alcyon,Alcedinidae,Belted Kingfisher,3900,Concurrent,,Concurrent,220,330,Partial,,No,1,,Solo,,,,,night,night,night,No,No,No,1,1,143.6,short,-655.524416,2791.934824,-316.9398917,1058.474116,359.1092033,327.4973751,470.9754439,214.6973704
Toxostoma,bendirei,Mimidae,Bendire's Thrasher,7080,,,,,,Partial,,,100,,Small,,,,,,night,night,,,,,30000,222,long,261.9368478,-39.53873896,-2885.140369,-285.7810264,11340.08944,4506.47178,5642.473025,2146.832683
Thryomanes,bewickii,Troglodytidae,Bewick's Wren,7190,,,,,,Partial,,,1,,Solo,,,,,,,,,No,No,13,2,9.9,short,-2710.407542,2567.816742,773.2066127,-902.1801579,1649.970572,899.1722713,6047.28687,4550.14285
Catharus,bicknelli,Turdidae,Bicknell's Thrush,7571,Concurrent,,Concurrent,250,350,Complete,,,,,,,,,,night,night,night,Yes,Yes,Yes,1,1,43.3,long,,,,,,,,
Haematopus,bachmani,Haematopodidae,Black Oystercatcher,2870,,Concurrent,Concurrent,,,Partial,,Yes,,Small,Small,,,,,,night,night,,,,350,,12.3,short,-266.9616586,-3250.184003,0,1.90E-13,16291.3374,4648.760534,27462.76816,5081.48268
Leucosticte,atrata,Fringillidae,Black Rosy-Finch,5250,,,,,,Partial,,Yes,,,,,,Yes,,day,night,day,,,,27,27,41.7,short,1617.696304,-20098.10356,,,540747.8079,143411.3791,,
Melanitta,americana,Anatidae,Black Scoter,1630,,Concurrent,Concurrent,,,Complete,,Yes,600,,Medium,,,,Adult males migrate before adult females and young.,,night,night,Yes,,Yes,500,500,1500,long,,,,,,,,
Rynchops,niger,Laridae,Black Skimmer,800,,Concurrent,Concurrent,,,Partial,,Yes,,Medium,Medium,,,,,,night,night,,,,128,128,20.7,long,-5908.240396,15.01735187,-642.8328187,470.3061053,11947.59694,12577.80946,10708.15547,6056.069041
Cypseloides,niger,Apodidae,Black Swift,4220,,,,,,Complete,Limited residency reported,Yes,38,Medium,Medium,,,,,day,day,day,,,,650,150,935,short,,,-261.3245791,-687.0201141,,,24625.90902,16363.4458
Chlidonias,niger,Laridae,Black Tern,770,,Adults first,Adults first,,,Complete,,Sometimes,4000,Small,Small,,,,,night,day,night,,,,1000,1000,4800,long,,,821.3401375,2639.030197,,,2174.345201,3397.619254
Arenaria,melanocephala,Scolopacidae,Black Turnstone,2840,,Adults first,Adults first,,,Complete,,Yes,,Small,Small,,,,Flocks may be medium,day,,day,,,,800,800,326,long,0.679027265,9.44461976,,,21581.5434,5510.098104,,
Coragyps,atratus,Accipitridae,Black Vulture,3260,,,,,,Partial,,,10,,Small,,,Sometimes,,day,day,day,No,,No,15,15,1989,short,-3053.916681,2747.399624,-2986.551558,2781.297244,1488.630736,1965.943643,1163.229558,1357.963731
Mniotilta,varia,Parulidae,Black-and-white Warbler,6360,Adults first,,Adults first,250,330,Complete,,,,,,,,,,night,,night,,Yes,Yes,17,2,9,long,-207.0071257,2668.282942,-4660.306582,845.8523855,2430.798469,2100.120697,840.9202354,326.2590907
Pluvialis,squatarola,Charadriidae,Black-bellied Plover,2700,,Concurrent,Concurrent,,,Complete,,Yes,,Small,Small,,,,,night,,night,Yes,,Yes,3,3,12.8,short,-4239.720775,-366.4112052,,,14264.50178,6823.2809,,
Dendrocygna,autumnalis,Anatidae,Black-bellied Whistling Duck,1770,,Concurrent,Concurrent,,,Partial,,Yes,,Large,Large,Tight,Yes,,,night,,night,Yes,,Yes,10000,2100,1426,long,25452.66961,-7248.968061,6944.16944,1619.107714,444101.6171,288468.3736,1427.962971,12707.88673
Coccyzus,erythropthalmus,Cuculidae,Black-billed Cuckoo,3880,Concurrent,,Concurrent,220,290,Complete,,No,500,,Solo,,,,,night,night,night,No,Yes,No,5000,5000,27.4,long,,,2374.349279,1429.209125,,,1381.907434,1238.130449
Vireo,atricapilla,Vireonidae,Black-capped Vireo,6300,,Juveniles first,Juveniles first,,,Complete,,No,,,Solo,,,,,night,,night,,No,No,40,,16.4,short,,,35.35929697,-4.644289498,,,2177.21048,7616.497937
Archilochus,alexandri,Trochilidae,Black-chinned Hummingbird,4290,Adults first,Concurrent,Concurrent,220,300,Partial,,No,1,,Solo,,,,,day,,day,,No,No,1,1,3.25,long,4495.445344,388.1844018,588.0445686,891.4019852,3383.433313,9342.645696,1242.073873,1094.687078
Spizella,atrogularis,Passerellidae,Black-chinned Sparrow,5650,,,,,,Partial,,Yes,,Small,Small,,,,,,night,night,,,,26,1,71.6,short,-267.2586823,270.7941866,1875.118148,-1043.210796,9532.489029,6693.267984,5574.239959,2151.69797
Nycticorax,nycticorax,Ardeidae,Black-crowned Night-Heron,2020,,,,,,Partial,,Sometimes,50000,Small,Small,,,,,night,day,night,Yes,,Yes,800,800,35.1,long,,,-804.5373677,-11265.34522,,,2755.781537,1693.484963
Pheucticus,melanocephalus,Cardinalidae,Black-headed Grosbeak,5960,Adults first,,Adults first,230,350,Partial,,Yes,30,,Small,,,Sometimes,,,night,night,,,,18,18,92.1,long,-20560.21509,12271.01508,-18.09169116,5945.543464,6118.675141,7914.120058,1704.020494,601.5552022
Rissa,tridactyla,Laridae,Black-legged Kittiwake,400,,Concurrent,Concurrent,,,Partial,,Yes,,Small,Small,,,,,,night,night,,,,12,12,35.2,long,,,1.45E-13,0,,,58467.903,34238.7335
Himantopus,mexicanus,Recurvirostridae,Black-necked Stilt,2260,,,,,,Partial,,Yes,5000,,Large,,Sometimes,,,,night,night,,,,289,289,24.1,long,-11330.8263,4219.319098,6713.155665,-1334.774392,5897.952642,12960.29969,3147.392349,5321.868899
Setophaga,caerulescens,Parulidae,Black-throated Blue Warbler,6540,Adults first,,Adults first,240,320,Complete,,Yes,,Small,Small,Loose,,,Mixed Species flocks,night,,night,,Yes,Yes,,1,12.8,long,,,79.61914926,1994.661607,,,1781.177543,650.8952372
Setophaga,nigrescens,Parulidae,Black-throated Gray Warbler,6650,Adults first,,Adults first,230,350,Complete,,Yes,,,,,,,Mixed Species flocks,night,,night,,,,50,3,10.4,long,-6594.343139,5189.507024,-1406.073251,2529.629382,8057.504605,5563.893823,9150.291941,3288.505729
Setophaga,virens,Parulidae,Black-throated Green Warbler,6670,,,,,,Complete,,Yes,,,,,,,Mixed Species flocks,night,night,night,,Yes,Yes,,1,12.3,long,1684.533955,-329.806776,701.3097499,741.3376112,4445.408291,9685.407908,886.0871756,420.2570936
Amphispiza,bilineata,Passerellidae,Black-throated Sparrow,5730,,Concurrent,Concurrent,,,Partial,,Yes,7,,Small,,,,,,night,night,,,,28,13,15.5,long,-24.00405158,658.6492329,-2518.919466,3493.35692,5240.672605,4370.797229,3178.447251,1154.430292
Vireo,altiloquus,Vireonidae,Black-whiskered Vireo,6230,,,,,,Partial,,Yes,,,,,,Sometimes,,night,night,night,,No,No,,,8.5,short,,,-6.37E-13,-4.36E-13,,,6574.861344,5975.594779
Setophaga,fusca,Parulidae,Blackburnian Warbler,6620,Adults first,Concurrent,Concurrent,210,350,Complete,,Yes,,,,,,,Mixed Species flocks,night,night,night,,Yes,Yes,40,9,8.35,long,,,1038.54702,990.4838332,,,1156.190499,688.8769503
Setophaga,striata,Parulidae,Blackpoll Warbler,6610,Concurrent,,Concurrent,230,310,Complete,,Yes,,Small,Small,,,,,night,,night,Yes,Yes,Yes,30,3,10.8,long,,,8257.495865,1890.223867,,,6639.10204,4297.817578
Passerina,caerulea,Cardinalidae,Blue Grosbeak,5970,Adults first,,Adults first,250,340,Partial,,Yes,1,Small,Small,,,,,night,night,night,,Yes,Yes,,250000,28.1,long,-3822.500928,1126.076875,-668.6717216,942.9681314,21702.62386,17417.0903,398.8640087,224.6745154
Polioptila,caerulea,Polioptilidae,Blue-gray Gnatcatcher,7510,Concurrent,,Concurrent,220,330,Partial,,,,,,,,,,day,night,day,,No,No,9,,140,long,,,-245.2418218,816.334472,,,479.1883093,251.2766243
Vireo,solitarius,Vireonidae,Blue-headed Vireo,6290,Concurrent,,Concurrent,250,350,Complete,,No,,,Solo,,,,,night,night,night,,No,No,,2,12.1,short,,,-717.5598678,552.2312382,,,1427.669438,542.5065966
Spatula,discors,Anatidae,Blue-winged Teal,1400,Concurrent,Concurrent,Concurrent,220,300,Complete,Pottentially limited residency,Yes,15,Small,Small,Tight,,,Adult males migrate before adult females and young.,night,day,night,Yes,,Yes,510,510,31.2,short,-2870.897657,-1552.00477,-1133.749135,1692.234542,129439.1666,741275.1377,924.7511374,1845.211326
Vermivora,cyanoptera,Parulidae,Blue-winged Warbler,6410,Adults first,,Adults first,240,350,Complete,,,,,,,,,,night,night,night,,Yes,Yes,30,11,8.9,long,,,-6324.166999,-2661.757034,,,2079.344266,394.2037031
Dolichonyx,oryzivorus,Icteridae,Bobolink,4940,Concurrent,,Concurrent,230,290,Complete,,Yes,60,Large,Large,,,,,night,night,night,Yes,Yes,Yes,50,50,14.3,short,,,-9869.447981,325.6243079,,,770.1681504,501.4312196
Bombycilla,garrulus,Bombycillidae,Bohemian Waxwing,6180,,,,,,Partial,,Yes,40,Medium,Medium,,,,Small and large flocks also noted,day,,day,Yes,Yes,Yes,1,1,22.1,short,,,-1.08E-12,-1.48E-12,,,71089.02449,79508.27429
Chroicocephalus,philadelphia,Laridae,Bonaparte's Gull,600,,,,,,Complete,,Yes,25,Large,Large,,No,,Juveniles take different route,day,,day,No,,No,12,12,554.9,short,,,-6582.286924,1640.913171,,,11291.46473,16935.11931
Branta,bernicla,Anatidae,Brant,1730,,Concurrent,Concurrent,,,Complete,,Yes,50,Small,Small,Tight,,,,night,,night,Yes,,Yes,15000,4915,1252,long,-20979.98978,8640.214693,,,46399.61966,7445.837631,,
Euphagus,cyanocephalus,Icteridae,Brewer's Blackbird,5100,,,,,,Partial,,Yes,,,,,,,,day,day,day,Yes,Yes,Yes,1000,1000,16.3,short,3005.569718,363.1488677,1845.583975,1909.259534,5648.478545,1243.171196,909.9511272,422.9274209
Spizella,breweri,Passerellidae,Brewer's Sparrow,5620,Concurrent,,Concurrent,150,300,Complete,,Yes,150,Small,Small,,,,,night,day,night,,,,2,2,112.7,short,-1063.178519,1519.318058,-1085.13713,-307.5772916,29766.62519,16357.20788,1806.311277,473.5536174
Numenius,tahitiensis,Scolopacidae,Bristle-thighed Curlew,2680,,Adults first,Adults first,,,Complete,,Yes,,Small,Small,,,,,night,,night,,,,350,350,176,short,,,,,,,,
Selasphorus,platycercus,Trochilidae,Broad-tailed Hummingbird,4320,Adults first,,Adults first,210,300,Partial,,,,,,,,,,day,,day,,No,No,,1,3.2,short,-11434.30018,7955.310565,177.1274773,453.4491504,7333.378387,18445.17959,1385.201488,505.3770187
Buteo,platypterus,Accipitridae,Broad-winged Hawk,3430,Juveniles first,Concurrent,Concurrent,250,350,Complete,,Yes,5000,Large,Large,,,,,day,day,day,No,,No,1,1,357,long,-11517.4457,-85.80897893,430.8191782,450.5219327,9490.850935,17711.27847,716.5123776,356.207989
Certhia,americana,Certhiidae,Brown Creeper,7260,Concurrent,,Concurrent,250,330,Partial,,Yes,50,Small,Small,,,,,night,,night,No,No,No,200,200,153,short,-5299.578805,5318.885102,7158.79417,2948.268436,562.0841852,378.4216038,1689.262619,558.9834806
Pelecanus,occidentalis,Pelecanidae,Brown Pelican,1260,,,,,,Partial,,Yes,,Medium,Medium,,,,,day,night,day,No,,No,1,1,59.2,short,-10004.84846,4666.565618,-2687.908922,2882.400773,8056.963718,7929.891295,10150.65522,9137.175754
Toxostoma,rufum,Mimidae,Brown Thrasher,7050,Adults first,,Adults first,250,350,Partial,,,10,,Small,,,,,night,,night,,No,No,50000,9000,1147,long,2549.913405,3170.555181,304.3554648,-3253.553629,775.0036129,898.7665092,207.8811717,179.0890382
Molothrus,ater,Icteridae,Brown-headed Cowbird,4950,Concurrent,,Concurrent,200,350,Partial,,Yes,,,,,,,,day,day,day,,Yes,Yes,1000,,22.3,short,,,-1627.192548,1298.346574,,,169.8601266,147.0260552
Calidris,subruficollis,Scolopacidae,Buff-breasted Sandpiper,2620,,,,,,Complete,,Sometimes,,Small,Small,,,,,night,night,night,,,,16,16,207.8,long,,,,,,,,
Bucephala,albeola,Anatidae,Bufflehead,1530,,Concurrent,Concurrent,,,Complete,,Yes,1200,Large,Large,Tight,,,,night,night,night,,,,7000,7000,3232,long,798.3508671,4198.292406,2240.587389,660.5693028,48762.2814,11317.76003,4833.247316,5109.002926
Icterus,bullockii,Icteridae,Bullock's Oriole,5080,,,,,,Complete,Very limited residency reported,Yes,,Small,Small,,,,,night,,night,No,,No,200,200,14.7,short,,,681.8071375,2097.624101,,,775.0689342,332.0065658
Athene,cunicularia,Strigidae,Burrowing Owl,3780,,,,,,Partial,,,,,,,,,,,night,night,,No,No,30,30,30,long,-5436.667271,443.888536,-689.4745443,-1280.964703,5622.399855,3830.240387,1724.193712,754.6951553
Larus,californicus,Laridae,California Gull,530,,Juveniles first,Juveniles first,,,Complete,Very limited residency reported,No,6,,Solo,,Sometimes,,,day,,day,No,,No,200,200,14.4,long,,,2790.25449,-2924.862016,,,10553.64366,2459.489541
Stellula,calliope,Trochilidae,Calliope Hummingbird,4360,Adults first,Adults first,Adults first,180,280,Complete,,No,1,,Solo,,,,,day,,day,,No,No,1,1,2.68,long,,,-404.9087634,-2248.799136,,,5154.045648,3261.151218
Branta,canadensis,Anatidae,Canada Goose,1720,,Concurrent,Concurrent,,,Partial,,Yes,150,Medium,Medium,Tight,,,Flock size varies greatly,night,night,night,Yes,,Yes,2900,2900,1519,long,,,10981.21317,1122.059972,,,9268.908163,2498.603128
Cardellina,canadensis,Parulidae,Canada Warbler,6860,Adults first,Juveniles first,Juveniles first,200,330,Complete,,Sometimes,300,Small,Small,,,,,night,,night,,Yes,Yes,50000,22450,566,long,,,-6774.794703,408.4180562,,,1925.097405,928.2469124
Aythya,valisineria,Anatidae,Canvasback,1470,Concurrent,Concurrent,Concurrent,220,350,Complete,,Yes,350,Small,Small,Tight,,,Adult males migrate before adult females and young.,,night,night,,,,15000,15000,1054,long,,,1513.531138,-733.6913845,,,3638.480077,6555.527243
Setophaga,tigrina,Parulidae,Cape May Warbler,6500,Adults first,Adults first,Adults first,200,320,Complete,,Yes,,Small,Small,,,,Mixed Species flocks,night,,night,,Yes,Yes,1,1,15.32,long,,,-511.7945309,633.605891,,,5595.431247,5332.078584
Hydroprogne,caspia,Laridae,Caspian Tern,640,,Concurrent,Concurrent,,,Partial,,Sometimes,1000,Small,Small,,Yes,,Flocks may be medium,day,day,day,Yes,,Yes,2000,2000,23.9,long,-11076.90324,2452.029625,-2958.43598,4268.463681,12754.38867,9770.203883,5546.902028,3438.723948
Haemorhous,cassinii,Fringillidae,Cassin's Finch,5180,,Adults first,Adults first,,,Partial,,Yes,,,,,,Sometimes,,,,,,,,,,17.8,short,-4359.830011,1252.831931,-136.4024801,-4071.26713,22081.7134,6408.078758,4358.493018,2127.004786
Tyrannus,vociferans,Tyrannidae,Cassin's Kingbird,4480,,,,,,Partial,,Sometimes,,Small,Small,,,,,day,night,day,,,,,2,39.2,short,60.85856986,-41.75613977,2486.222899,582.476113,13080.9245,857.3442142,3698.840852,2195.341256
Peucaea,cassinii,Passerellidae,Cassin's Sparrow,5780,,,,,,Partial,,,,,,,,,,night,,night,,No,No,8363,8363,3290,short,-1864.080427,-634.333775,-520.2824135,1065.573734,5285.124227,7880.983432,1698.467873,1571.980295
Vireo,cassinii,Vireonidae,Cassin's Vireo,6291,,,,,,Partial,,,,,,,,,,,night,night,,,,26,2,12.5,short,,,-389.5290938,-3928.046015,,,2611.892541,1402.042724
Bubulcus,ibis,Ardeidae,Cattle Egret,2001,,,,,,Partial,,Yes,3,Small,Small,,,,,day,night,day,No,,No,1,1,241,short,-604.0949481,-149.9146233,-8132.79207,1543.539702,4414.217729,4471.395824,1800.331749,2929.021317
Bombycilla,cedrorum,Bombycillidae,Cedar Waxwing,6190,Concurrent,,Concurrent,200,330,Partial,,Yes,1000,Small,Small,,,,Medium and large flocks also noted,day,day,day,Yes,Yes,Yes,3000,3000,58.6,short,,,4478.474194,-4427.785977,,,849.3130264,459.7548841
Setophaga,cerulea,Parulidae,Cerulean Warbler,6580,Adults first,,Adults first,230,340,Complete,,,,,,,,,,night,night,night,,Yes,Yes,100,3,11.9,short,,,640.2986529,243.8502087,,,1950.571898,285.8004022
Calcarius,ornatus,Calcariidae,Chestnut-collared Longspur,5380,,,,,,Complete,,Yes,550,Small,Small,,,,,night,night,night,,No,No,300,300,79.3,long,,,-1731.503976,368.0052448,,,1482.977952,1916.925907
Setophaga,pensylvanica,Parulidae,Chestnut-sided Warbler,6590,Concurrent,,Concurrent,220,320,Complete,,Sometimes,,Small,Small,,,,Mixed Species flocks,night,night,night,,Yes,Yes,5,1,13.2,short,,,-3194.805192,1233.356196,,,619.8446498,318.9611686
Chaetura,pelagica,Apodidae,Chimney Swift,4230,,,,,,Complete,,Yes,450,Large,Large,Tight,,,,day,day,day,,No,No,70,70,18.8,long,,,2411.646921,1025.400423,,,405.6640072,138.0651602
Spizella,passerina,Passerellidae,Chipping Sparrow,5600,Adults first,,Adults first,250,350,Partial,,Yes,,Small,Small,,,,Flocks may be medium,night,,night,,Yes,Yes,1,1,47.6,short,,,8389.937758,-3481.674001,,,519.2135073,271.1109855
Antrostomus,carolinensis,Caprimulgidae,Chuck-will's-widow,4160,,,,,,Partial,,Yes,,Small,Small,,,,,day,night,day,No,No,No,,,16.6,short,-2919.2119,426.9199593,-291.2811629,651.0916202,5036.399783,6310.022425,549.907754,451.4434091
Spatula,cyanoptera,Anatidae,Cinnamon Teal,1410,,Concurrent,Concurrent,,,Partial,,Yes,10000,Small,Small,Tight,,,Adult males migrate before adult females and young.,night,night,night,No,,No,26000,26000,1800,short,-16261.29764,9779.145869,2827.92688,630.699622,26580.46238,5521.881567,5063.851593,1302.127951
Rallus,crepitans,Rallidae,Clapper Rail,2110,,,,,,Partial,,,,,,,,,,night,night,night,,,,25000,25000,23.2,long,-302.5307285,78.11357916,-1222.024207,185.3626712,9223.699722,6394.190994,3723.915054,4083.127032
Spizella,pallida,Passerellidae,Clay-colored Sparrow,5610,Concurrent,,Concurrent,220,300,Complete,,Yes,,,,,,,,night,night,night,,Yes,Yes,26,1,50.3,short,5983.117051,396.6869339,-532.331969,-205.3194289,10390.45659,21717.56175,325.1911538,666.2428053
Petrochelidon,pyrrhonota,Hirundidae,Cliff Swallow,6120,,,,,,Complete,,Yes,,Medium,Medium,,,,Flocks can be large,day,night,day,,Yes,Yes,350,75,28.3,short,,,13380.18921,-7012.857954,,,2119.603363,947.5662599
Leiothlypis,crissalis,Parulidae,Colima Warbler,,,,,,,Complete,,,,,,,,,,,,,,,,1,1,62.2,short,,,,,,,,
Somateria,mollissima,Anatidae,Common Eider,1590,,,,,,Partial,,Yes,30,Large,Large,Tight,,,Flock size varies greatly,day,,day,,,,10000,,1494,short,-42.15800993,896.1037896,-8.83E-13,0,22674.61623,9030.524432,46604.43412,27291.50044
Gallinula,galeata,Rallidae,Common Gallinule,2190,,,,,,Partial,,,600,,Medium,,,,,night,night,night,,,,7000,7000,136.5,long,,,-809.2497134,-97.18508261,,,3253.560211,7158.205019
Bucephala,clangula,Anatidae,Common Goldeneye,1510,,,,,,Complete,,Yes,2000,Small,Small,Loose,,,,,night,night,,,,50,50,465,short,-10114.93992,499.7422997,-1711.521712,39.15923602,5693.11127,4302.682505,1377.894754,5058.117542
Quiscalus,quiscula,Icteridae,Common Grackle,5110,,,,,,Partial,,Yes,,Medium,Medium,,,,,day,night,day,,Yes,Yes,8,8,19,long,,,-4292.161962,2697.43103,,,360.2514034,163.8372887
Gavia,immer,Gaviidae,Common Loon,70,,Adults first,Adults first,,,Complete,,Sometimes,,Small,Small,,No,,,day,,day,Yes,,Yes,50,50,26.3,short,,,2180.742925,-590.4696181,,,826.7988227,815.87449
Mergus,merganser,Anatidae,Common Merganser,1290,,,,,,Complete,Pottentially limited residency,Yes,,Small,Small,Loose,,,,night,night,night,No,,No,10000,10000,1059,long,4101.825073,4950.826535,17069.59635,-902.6109371,4668.383177,3567.678271,3526.400329,2184.936341
Uria,aalge,Alcidae,Common Murre,300,,Concurrent,Concurrent,,,Partial,,,,,,,Yes,,Offspring pair with parent at first,,,,No,,No,13000,7906,958,short,,,,,,,,
Chordeiles,minor,Caprimulgidae,Common Nighthawk,4200,,,,,,Complete,,Yes,,Medium,Medium,,,,Flocks may be large,night,night,night,No,No,No,50,50,45.6,long,,,-5790.398771,5817.822229,,,543.3601321,624.0763109
Acanthis,flammea,Fringillidae,Common Redpoll,5280,Concurrent,Concurrent,Concurrent,250,310,Partial,Irruptive,Yes,,Small,Small,Loose,,,Flocks can be large,day,night,day,Yes,Yes,Yes,27,,25,short,-570.1982566,606.0621934,,,169558.7585,159105.8424,,
Sterna,hirundo,Laridae,Common Tern,700,,,,,,Complete,,Yes,120,Medium,Medium,,,,Flocks may be small or large,night,day,night,,,,10000,10000,47.5,short,,,426.8109869,-408.7563773,,,14936.73706,6311.67646
Geothlypis,trichas,Parulidae,Common Yellowthroat,6810,Concurrent,Concurrent,Concurrent,250,350,Partial,,,100,,Small,,,,,night,,night,,Yes,Yes,5,5,343,long,-10865.33655,3067.282439,-2143.340446,2965.661202,1455.046915,1641.00393,231.3251814,166.3766691
Oporornis,agilis,Parulidae,Connecticut Warbler,6780,Concurrent,,Concurrent,230,300,Complete,,,,,,,,,,night,night,night,Yes,Yes,Yes,25,7,11,long,,,-2518.807253,1801.240867,,,931.2935117,6712.445971
Accipiter,cooperii,Accipitridae,Cooper's Hawk,3330,Juveniles first,Juveniles first,Juveniles first,230,310,Partial,,Sometimes,5,Small,Small,,,,,day,day,day,No,,No,1,1,349,short,,,6971.848219,-637.3901153,,,740.1049089,317.473216
Empidonax,occidentalis,Tyrannidae,Cordilleran Flycatcher,4640,,Adults first,Adults first,,,Partial,,,,,,,,,,,night,night,,,,,1,13.2,long,,,2237.058858,1973.75235,,,4578.144114,2181.060016
Junco,hyemalis,Passerellidae,Dark-eyed Junco,,,Adults first,Adults first,,,Partial,"sub-species sepearated in banding. Gray-headed, oregon, white-winged, slate-colored",No,,,Solo,,,,,night,night,night,Yes,Yes,Yes,11,1,8.9,long,,,,,,,,
Spiza,americana,Cardinalidae,Dickcissel,6040,,,,,,Complete,Very limited residency reported,Yes,30,Large,Large,,,,,night,day,night,Yes,Yes,Yes,300,300,352,short,-18618.48631,-17544.45698,-1308.259197,-84.84912027,18366.26455,26382.0741,204.3924425,307.6506992
Nannopterum,auritus,Phalacrocoracidae,Double-crested Cormorant,1200,,,,,,Partial,,Yes,,Small,Small,,,,Flocks may be medium and large,day,night,day,,,,1000,1000,692,short,,,2598.538923,3145.338261,,,4817.182275,2491.23363
Calidris,alpina,Scolopacidae,Dunlin,2430,,,,,,Complete,,Yes,100,Small,Small,,,,Flocks may be medium,night,,night,Yes,,Yes,,20,640.1,short,22597.59179,-8838.694431,,,202815.1536,453453.1055,,
Empidonax,oberholseri,Tyrannidae,Dusky Flycatcher,4690,,,,,,Complete,,,,,,,,,,night,night,night,,,,,1,11.5,long,,,682.8299467,-5701.299104,,,2771.370089,1722.492785
Podiceps,nigricollis,Podicipedidae,Eared Grebe,40,,,,,,Partial,,Yes,140,Small,Small,,,,,night,,night,,,,50,50,108.1,long,-58814.11116,15714.54371,2396.03964,939.817741,1163909.1,920395.8522,10968.5581,5417.136223
Sialia,sialis,Turdidae,Eastern Bluebird,7660,Adults first,,Adults first,300,350,Partial,,Yes,100,Small,Small,,,,Juvenile only flocks. Flocks may be medium,day,day,day,,Yes,Yes,50,50,29.5,short,,,666.4348334,1010.284234,,,341.982267,192.9675294
Tyrannus,tyrannus,Tyrannidae,Eastern Kingbird,4440,,,,,,Complete,,Yes,,Small,Small,,,,Flocks may be medium or large,day,day,day,,Yes,Yes,,1,38.5,short,,,-3795.131431,1261.268033,,,245.019978,133.1894085
Sturnella,magna,Icteridae,Eastern Meadowlark,5010,,,,,,Partial,,Yes,,Small,Small,,,,Flocks may medium,night,day,night,,No,No,500,500,5974,long,,,-4751.961223,2014.922381,,,283.308562,218.5204852
Sayornis,phoebe,Tyrannidae,Eastern Phoebe,4560,Adults first,,Adults first,250,340,Partial,,No,1,,Solo,,,,,day,day,day,,,,26,1,19.7,short,,,-4865.238134,-4089.267338,,,529.7007498,231.9695629
Pipilo,erythrophthalmus,Passerellidae,Eastern Towhee,5870,Adults first,,Adults first,270,350,Partial,,Yes,3,Small,Small,Loose,,,,night,day,night,,No,No,10,10,3682,short,-280.5667621,2155.298863,-4449.827942,-2448.232475,1218.095566,819.2787465,430.5855938,188.9456584
Antrostomus,vociferus,Caprimulgidae,Eastern Whip-poor-will,4171,,,,,,Complete,,Yes,1,Small,Small,Loose,,,,night,night,night,No,No,No,50,50,13.8,long,2759.943878,619.839349,-1664.788967,-1005.489086,6727.545049,5761.913168,1452.250294,442.0654443
Contopus,virens,Tyrannidae,Eastern Wood-Pewee,4610,Adults first,,Adults first,230,320,Complete,,,1,,Solo,,,,,night,,night,,No,No,1,1,14.1,long,,,-660.9215243,1144.599571,,,301.8905486,108.5208244
Thalasseus,elegans,Laridae,Elegant Tern,660,,Concurrent,Concurrent,,,Complete,,Yes,15,Small,Small,,Yes,,Flocks may be medium,,day,day,,,,500,500,115.3,short,,,,,,,,
Anser,canagicus,Anatidae,Emperor Goose,1760,,,,,,Complete,,Yes,30,,Small,,,,,,night,night,Yes,,Yes,880,880,1371,short,,,,,,,,
Numenius,borealis,Scolopacidae,Eskimo Curlew,,,,,,,Complete,declared extinct by some,Yes,,,,,,,,night,,night,,,,200,200,259.6,long,,,,,,,,
Buteo,regalis,Accipitridae,Ferruginous Hawk,3480,,Adults first,Adults first,,,Partial,,,1,,Solo,,,,,day,day,day,No,,No,12,12,1163,short,-865.0406925,3554.170035,-1287.187892,2510.547551,4179.729198,1518.192058,1408.292193,833.8701118
Spizella,pusilla,Passerellidae,Field Sparrow,5630,Adults first,,Adults first,280,360,Partial,,Yes,,Small,Small,,,,,night,,night,,No,No,1,1,58.3,short,,,-5302.850949,-447.9425806,,,380.5499487,117.7385514
Psiloscops,flammeolus,Strigidae,Flammulated Owl,3740,,,,,,Partial,,No,,,Solo,,,,,night,,night,,,,30,10,38,short,,,,,,,,
Sterna,forsteri,Laridae,Forster's Tern,690,,Concurrent,Concurrent,,,Partial,,Yes,,Small,Small,,Yes,,,,night,night,,,,30,3,36.1,long,-1507.633992,1684.286807,20986.6738,-3252.608139,4066.919487,4966.634698,5394.778738,3974.608512
Passerella,iliaca,Passerellidae,Fox Sparrow,5850,Concurrent,,Concurrent,240,330,Complete,,Sometimes,180,Small,Small,,,,,night,day,night,Yes,Yes,Yes,2000,2000,6130,long,,,-4394.817092,-949.147747,,,2707.763298,1083.989854
Leucophaeus,pipixcan,Laridae,Franklin's Gull,590,,,,,,Complete,,Yes,,Large,Large,,,,Flocks may be small or medium,day,day,day,Yes,,Yes,300,,67.2,short,864.1951586,-84.21819869,-898.1461127,8390.62574,10349.98623,76040.32685,20076.76701,20146.01677
Dendrocygna,bicolor,Anatidae,Fulvous Whistling Duck,1780,,,,,,Partial,,,100,,Small,,,,,night,night,night,Yes,,Yes,10000,10000,875,short,-1369.595145,-5862.826803,1252.840121,394.9531863,46906.15515,486278.7923,2179.274627,10720.48108
Mareca,strepera,Anatidae,Gadwall,1350,,Concurrent,Concurrent,,,Partial,,Yes,,Small,Small,Tight,,,Adult males migrate before adult females and young.,night,night,night,Yes,,Yes,30000,30000,770.5,short,-4173.549398,8857.225887,745.1205318,1592.625523,2108.684312,3180.910942,1572.276081,1530.204837
Larus,hyperboreus,Laridae,Glaucous Gull,420,,,,,,Complete,Limited residency reported,Sometimes,53000,Small,Small,,,,,,day,day,,,,3,2,54.4,long,6719.667426,3046.860353,,,14807.43329,9284.042562,,
Larus,glaucescens,Laridae,Glaucous-winged Gull,440,,,,,,Partial,,,30,,Small,,,,,day,night,day,,,,5000,5000,33.9,long,,,28.20611365,77.40037816,,,14373.37582,8137.971174
Plegadis,falcinellus,Threskiornithidae,Glossy Ibis,1860,,Adults first,Adults first,,,Partial,,Yes,,Small,Small,,,,,night,night,night,,,,150,100,650,short,1373.464021,-2594.658567,-3801.057957,-17754.76281,8925.423513,7800.882737,21714.03126,4850.532368
Aquila,chrysaetos,Accipitridae,Golden Eagle,3490,,Concurrent,Concurrent,,,Partial,,Sometimes,1,Small,Small,,,,,day,day,day,No,,No,4,4,3477,short,-3707.887978,1767.078968,593.4219921,526.6350475,62086.53946,36752.65718,1353.280191,368.1313966
Setophaga,chrysoparia,Parulidae,Golden-cheeked Warbler,6660,,,,,,Complete,,Yes,,,,,,,Mixed Species flocks,night,night,night,,Yes,Yes,3,4,10.3,long,,,,,,,,
Regulus,satrapa,Regulidae,Golden-crowned Kinglet,7480,Concurrent,,Concurrent,250,350,Partial,,Yes,,,,,,Sometimes,Mixed species flocks,night,night,night,Yes,Yes,Yes,10,10,94.7,long,-4684.893277,5438.145818,18856.46972,-883.4552593,1695.07547,860.7971639,2372.249802,1236.866657
Zonotrichia,atricapilla,Passerellidae,Golden-crowned Sparrow,5570,Concurrent,,Concurrent,220,300,Complete,,Yes,14,Medium,Medium,,,,,night,night,night,,,,200,200,453,short,565.3885153,6674.516442,,,5357.247371,1112.145604,,
Vermivora,chrysoptera,Parulidae,Golden-winged Warbler,6420,,,,,,Complete,,,,,,,,,,night,,night,,Yes,Yes,12,12,6.6,short,,,-12639.04589,9155.504974,,,1386.922216,1153.637274
Ammodramus,savannarum,Passerellidae,Grasshopper Sparrow,5460,,,,,,Partial,,Sometimes,,Small,Small,,,,,night,night,night,Yes,Yes,Yes,13,3,9.4,long,,,-7308.573962,-337.7335048,,,531.2143938,338.7893628
Dumetella,carolinensis,Mimidae,Gray Catbird,7040,Adults first,Juveniles first,Juveniles first,260,340,Complete,,,,,,,,,,night,,night,,No,No,,5000,2322,long,-226.9521836,-1462.459684,574.5979313,1477.966627,2181.813108,1578.020798,428.2556787,121.04082
Empidonax,wrightii,Tyrannidae,Gray Flycatcher,4691,,,,,,Complete,,,,,,,,,,night,night,night,,,,,1,10.4,short,,,-1060.970001,848.166529,,,8288.794798,2995.012445
Vireo,vicinior,Vireonidae,Gray Vireo,6340,,,,,,Complete,,Sometimes,,Small,Small,,,,,night,night,night,,,,15,2,12.2,long,,,-43.27777939,-111.9667047,,,4987.526678,1464.726188
Catharus,minimus,Turdidae,Gray-cheeked Thrush,7570,Adults first,,Adults first,230,310,Complete,,,,,,,,,,night,night,night,,Yes,Yes,,1,29.6,long,,,,,,,,
Leucosticte,tephrocotis,Fringillidae,Gray-crowned Rosy-Finch,5240,,,,,,Partial,,,,,,,,Sometimes,,day,,day,,,,6,2,39.3,short,-3702.932956,-2007.531249,,,20434367910,19921325959,,
Larus,marinus,Laridae,Great Black-backed Gull,470,,Concurrent,Concurrent,,,Partial,,Sometimes,40,,Small,,Sometimes,,,,day,day,,,,100,100,13.5,long,-799.1885043,2626.456019,-744.774998,-1343.921709,13636.86083,3855.410533,12260.6233,5557.353506
Ardea,herodias,Ardeidae,Great Blue Heron,1940,,,,,,Partial,,Sometimes,,Small,Small,,,,,night,,night,,,,1,1,372,short,5965.226581,1236.914539,3910.733768,-4545.224391,644.6146946,551.9101659,462.8560409,334.1523579
Phalacrocorax,carbo,Phalacrocoracidae,Great Cormorant,1190,,,,,,Partial,,Yes,,Small,Small,,,,Mixed Species flocks,day,night,day,,,,10,,415,short,-731.0607436,2274.174748,,,45088.7657,19447.21887,,
Myiarchus,crinitus,Tyrannidae,Great Crested Flycatcher,4520,Adults first,,Adults first,230,310,Partial,,No,,,Solo,,,,,night,,night,,No,No,30,2,28.7,short,,,1793.612388,-1610.707611,,,294.2002032,156.8477771
Ardea,alba,Ardeidae,Great Egret,1960,,,,,,Partial,,Sometimes,100,Small,Small,,,,,day,night,day,No,,No,10,10,2480,long,-6708.446243,3872.795832,-2557.068235,5474.050708,1447.56813,2012.037663,1750.052065,3212.714792
Aythya,marila,Anatidae,Greater Scaup,1480,,Concurrent,Concurrent,,,Complete,Pottentially limited residency,Yes,75,Medium,Medium,Tight,,,Adult males migrate before adult females and young.,night,night,night,,,,15000,10000,768.4,long,-22710.25524,-319.5242506,,,53127.96798,65169.40477,,
Anser,albifrons,Anatidae,Greater White-fronted Goose,1710,,Concurrent,Concurrent,,,Complete,,Yes,40,Small,Small,Tight,,,,Both,night,Both,Yes,,Yes,100,100,380,long,5141.17892,13913.96264,,,6440.607017,21255.52681,,
Tringa,melanoleuca,Scolopacidae,Greater Yellowlegs,2540,,Adults first,Adults first,,,Complete,,Yes,1,Small,Small,Tight,,,Flocks may be medium,night,night,night,Yes,,Yes,1,1,68.8,short,-3956.318165,5410.2125,971.1820004,-528.4948846,1643.495751,2540.380835,11784.47241,13504.08857
Butorides,virescens,Ardeidae,Green Heron,2010,,,,,,Partial,,,15,,Small,,,,,night,,night,,,,10,10,364,short,-7859.060125,2386.635994,-873.2593996,-348.513285,1703.173819,1599.434076,394.1002277,382.8133906
Pipilo,chlorurus,Passerellidae,Green-tailed Towhee,5900,Concurrent,,Concurrent,220,350,Complete,,Yes,1000,Small,Small,,,,,night,day,night,,,,175,175,2498,short,-2251.400558,1790.280398,-1039.238974,-181.7033416,5474.390651,4286.479232,2008.24403,306.0152541
Anas,crecca,Anatidae,Green-winged Teal,1390,Adults first,Concurrent,Concurrent,230,340,Partial,Nearly complete,Yes,200,Large,Large,Tight,,,,night,night,night,Yes,,Yes,2500,2500,350,short,-17463.00601,16898.7848,1858.002579,1350.101026,3581.158438,4493.161208,2160.87968,2753.235335
Gelochelidon,nilotica,Laridae,Gull-billed Tern,630,,,,,,Partial,,Yes,,,,,,,,,,,,,,6,6,578,short,1192.378614,1603.004873,-3160.112041,-1578.245903,1914.876711,8627.551165,2458.805887,15734.25441
Falco,rusticolus,Falconidae,Gyrfalcon,3540,,Concurrent,Concurrent,,,Partial,,No,,,Solo,,,,,day,night,day,,,,15,2,19,long,,,,,,,,
Empidonax,hammondii,Tyrannidae,Hammond's Flycatcher,4680,Concurrent,,Concurrent,230,340,Complete,,,,,,,,,,night,night,night,,,,1,1,12.7,long,,,-159.9198558,-2411.823324,,,3759.392827,2469.680984
Histrionicus,histrionicus,Anatidae,Harlequin Duck,1550,,,,,,Partial,,Yes,25,Small,Small,,,,,,night,night,No,,No,150,150,11900,short,21619.45531,-169.1183267,4243.728712,-503.1623125,11510.21737,7126.951213,34687.49838,37841.1135
Zonotrichia,querula,Passerellidae,Harris's Sparrow,5530,Adults first,Adults first,Adults first,270,350,Complete,,Yes,74,Small,Small,,,,,night,night,night,,Yes,Yes,20,20,1330.9,short,543.1365801,666.9739186,,,787.3866396,1205.8489,,
Centronyx,henslowii,Passerellidae,Henslow's Sparrow,5470,,,,,,Complete,,,,,,,,,,night,night,night,,Yes,Yes,25,3,7.2,long,-652.141836,1421.876917,-13260.74775,-6255.565966,6553.918627,8516.031986,2575.693504,772.0466248
Piranga,flava,Cardinalidae,Hepatic Tanager,6090,,,,,,Partial,,Yes,40,Small,Small,,,Sometimes,,,night,night,,,,100,100,130,long,,,532.8293541,187.9417574,,,6247.457499,3774.440989
Catharus,guttatus,Turdidae,Hermit Thrush,7590,Adults first,Concurrent,Concurrent,250,350,Partial,,,,,,,,,,night,night,night,,Yes,Yes,,1,27.5,long,,,8453.284097,2772.996549,,,1198.684447,832.9794599
Setophaga,occidentalis,Parulidae,Hermit Warbler,6690,,,,,,Complete,,Yes,,Small,Small,,,Sometimes,Mixed Species flocks,,night,night,,,,30,4,8.8,short,-81.78204914,364.5455117,-70.71681875,193.3786463,14293.18317,1040.42997,2851.897654,820.9369481
Larus,argentatus,Laridae,Herring Gull,510,,,,,,Partial,,Yes,100,,Small,,,,,,day,day,,,,12,12,15.9,long,,,-4776.498657,-1842.595702,,,6796.09728,2162.307319
Acanthis,hornemanni,Fringillidae,Hoary Redpoll,5270,,Concurrent,Concurrent,,,Partial,Irruptive,Yes,,Small,Small,Loose,,,,day,night,day,Yes,Yes,Yes,10,10,32.5,short,6797.654455,-2088.115298,,,17803.14864,27730.54687,,
Lophodytes,cucullatus,Anatidae,Hooded Merganser,1310,,,,,,Partial,,Sometimes,100,Small,Small,,,,,night,night,night,No,,No,180,180,7200,long,824.8726746,3973.164016,-1356.946257,19.38825423,1871.527407,1750.588661,2271.537835,1932.821935
Icterus,cucullatus,Icteridae,Hooded Oriole,5050,,,,,,Partial,,,,,,,,,,,,,,,,39,39,26.9,short,,,5124.553262,-2547.19029,,,3846.665485,2376.560465
Setophaga,citrina,Parulidae,Hooded Warbler,6840,Concurrent,,Concurrent,250,330,Complete,,No,,,Solo,,,,,night,,night,,Yes,Yes,25,12,11.1,long,,,-1364.734695,1285.949576,,,1030.050334,615.7283332
Podiceps,auritus,Podicipedidae,Horned Grebe,30,,,,,,Complete,,Yes,,,,,,,,night,night,night,,,,10,10,37.7,long,,,690.7201408,-352.7533228,,,3614.528141,6067.426475
Eremophila,alpestris,Alaudidae,Horned Lark,4740,,,,,,Partial,,Yes,,,,,,Sometimes,,day,day,day,Yes,Yes,Yes,100,100,31.4,short,,,1249.948639,-3020.154821,,,379.695414,250.8329042
Troglodytes,aedon,Troglodytidae,House Wren,7210,,Concurrent,Concurrent,,,Partial,,,,,,,,,,night,night,night,,No,No,26,2,10.9,short,,,-2320.271799,248.0943467,,,324.9591895,144.7321725
Limosa,haemastica,Scolopacidae,Hudsonian Godwit,2510,,Adults first,Adults first,,,Complete,,Yes,75,Small,Small,,,,Flocks may be medium,night,day,night,,,,50000,100,636,long,,,,,,,,
Passerina,cyanea,Cardinalidae,Indigo Bunting,5980,Adults first,,Adults first,270,330,Complete,,Yes,,,,,,,,night,,night,No,Yes,No,,,41,short,-14052.87806,-1651.910891,-1681.711947,-249.7044971,5684.576073,8105.271464,208.6484796,85.1010232
Pagophila,eburnea,Laridae,Ivory Gull,,,,,,,Complete,Dispersive migration,Yes,,Small,Small,,,,Flocks may be medium,,,,,,,5,5,24.3,short,,,,,,,,
Geothlypis,formosa,Parulidae,Kentucky Warbler,6770,Concurrent,,Concurrent,240,310,Complete,,No,50000,,Solo,,,,,night,,night,,Yes,Yes,1000000,1000000,281,long,,,-1057.437633,-799.4691568,,,895.3580895,440.6414577
Charadrius,vociferus,Charadriidae,Killdeer,2730,,,,,,Partial,,Yes,,Small,Small,,,,,night,night,night,Yes,,Yes,,1,45.8,long,8626.53558,-1081.252346,4233.609251,-4054.684362,892.6574822,1141.952417,274.3531019,235.617298
Somateria,spectabilis,Anatidae,King Eider,1620,,Adults first,Adults first,,,Complete,,Yes,1180,Medium,Medium,Tight,,,Flocks can be large but most are not in fall,day,night,day,,,,17000,17000,2019,short,-1972.926486,626.672423,,,18828.40614,6130.229584,,
Rallus,elegans,Rallidae,King Rail,2080,,,,,,Partial,,,100,,Small,,,,,night,night,night,,,,120,60,70,long,9918.5746,2001.870347,407.669094,158.6057694,3715.465393,7480.070683,3819.46232,10918.78043
Setophaga,kirtlandii,Parulidae,Kirtland's Warbler,6700,,,,,,Complete,,No,,,Solo,,,,,night,night,night,,Yes,Yes,,2,9.92,short,,,,,,,,
Calcarius,lapponicus,Calcariidae,Lapland Longspur,5360,,,,,,Complete,,Sometimes,,Medium,Medium,,,,Flocks range from small to large,night,,night,Yes,Yes,Yes,1,1,50.3,short,,,,,,,,
Calamospiza,melanocorys,Passerellidae,Lark Bunting,6050,,Adults first,Adults first,,,Complete,,Yes,,Small,Small,,,,,day,,day,,,,25,1,15.9,long,-3193.202187,3008.247553,-2049.26248,-282.8296169,12078993049,11852030874,2297.56017,1576.347648
Chondestes,grammacus,Passerellidae,Lark Sparrow,5520,,Adults first,Adults first,,,Partial,,Yes,,Small,Small,,,,,night,,night,,no,No,21,2,9.3,long,-4495.615211,1450.295072,-762.5786944,4484.336925,4419.997559,3413.82242,492.5121752,497.2273062
Leucophaeus,atricilla,Laridae,Laughing Gull,580,,,,,,Partial,,Yes,1000,Medium,Medium,,,,,,day,day,,,,1000,1000,64.3,short,-2473.698246,2069.204187,-1350.948066,620.1161807,21121.76285,23722.77331,10329.69131,2126.182348
Passerina,amoena,Cardinalidae,Lazuli Bunting,5990,Adults first,Adults first,Adults first,210,300,Complete,,Yes,,,,,,,,night,,night,,,,30,,46.1,long,411.9817966,-62.18766413,-67.13456644,587.2090714,47003.80443,21765.04241,2072.486701,1057.311614
Ixobrychus,exilis,Ardeidae,Least Bittern,1910,,,,,,Partial,,,,,,,,,,,,,,,,1,,716,short,-34412.27923,8203.564397,-685.0668021,637.1651967,9240.52468,5311.851149,3541.393569,8071.367206
Empidonax,minimus,Tyrannidae,Least Flycatcher,4670,Adults first,Adults first,Adults first,200,320,Complete,,,1,,Solo,,,,,night,,night,,No,No,,1,12.8,long,,,-10442.63161,2354.961702,,,678.3075655,428.2324525
Calidris,minutilla,Scolopacidae,Least Sandpiper,2420,Adults first,,Adults first,200,340,Complete,,Yes,,,,,,,,night,night,night,,,,,30000,45,long,13827.0574,-3016.951764,,,11439494.65,4663277.399,,
Sternula,antillarum,Laridae,Least Tern,740,,Concurrent,Concurrent,,,Complete,,Yes,,Small,Small,Loose,Yes,,,,night,night,,,,200,200,123.2,short,,,-6809.39373,3745.298613,,,7977.781532,6767.977401
Ammospiza,leconteii,Passerellidae,LeConte's Sparrow,5480,Concurrent,,Concurrent,240,340,Complete,,No,,,Solo,,,,,night,night,night,,Yes,Yes,41,7,9.6,long,-734.5647463,2714.170393,2906.336588,-802.4231081,994.6914046,4454.034179,1372.355551,5811.542224
Chordeiles,acutipennis,Caprimulgidae,Lesser Nighthawk,4210,,,,,,Partial,,Sometimes,,Small,Small,Loose,,,,day,,day,No,No,No,10,10,13,short,14353.16717,-1448.528426,-751.1457008,539.3929301,12187.3695,57352.6151,5088.609631,4630.821543
Aythya,affinis,Anatidae,Lesser Scaup,1490,,Concurrent,Concurrent,,,Complete,,Yes,,Large,Large,Tight,,,,night,night,night,No,,No,30000,4200,2725,long,-1442.400667,2611.633787,2980.135956,247.3538146,596467.8253,728294.4457,2608.82708,3152.218591
Tringa,flavipes,Scolopacidae,Lesser Yellowlegs,2550,,Adults first,Adults first,,,Complete,,Yes,,Small,Small,,,,,night,,night,,,,155,47,200,short,-3179.514325,3008.55607,4526.053903,-1370.77775,2185.989526,3662.27488,7504.362741,11068.84647
Melanerpes,lewis,Picidae,Lewis's Woodpecker,4080,,,,,,Partial,,Yes,1,Small,Small,,,,Flocks may be medium,day,night,day,No,,No,,,89.4,short,,,737.4758873,-244.2556376,,,6123.29696,2498.427655
Melospiza,lincolnii,Passerellidae,Lincoln's Sparrow,5830,Adults first,,Adults first,230,330,Complete,,,,,,,,,,night,night,night,Yes,Yes,Yes,8,2,10.3,long,,,-26288.99488,-2399.137211,,,2003.749544,1574.286018
Egretta,caerulea,Ardeidae,Little Blue Heron,2000,,,,,,Partial,,,,Small,Small,,,,,,,,,,,100,7,296,short,2704.218574,-333.3065787,-4.856507663,-4416.882453,3276.091357,3316.480768,1140.35717,2359.389342
Hydrocoloeus,minutus,Laridae,Little Gull,601,,,,,,Complete,,Sometimes,21000,Small,Small,,,,,day,day,day,,,,150,150,18.1,long,-371.2649617,-573.042894,,,18480.21098,6666.529333,,
Lanius,ludovicianus,Laniidae,Loggerhead Shrike,6220,Adults first,,Adults first,190,300,Partial,,No,7,,Solo,,,,,day,day,day,,No,No,7,7,7497,long,-1942.256215,-1071.389316,-9948.610805,3821.289193,584.328327,887.1019225,628.6866018,478.040588
Numenius,americanus,Scolopacidae,Long-billed Curlew,2640,,Concurrent,Concurrent,,,Complete,,Yes,120,Small,Small,,Sometimes,,,,,,,,,5,5,649.2,long,-7064.505063,1811.978964,-5044.133626,4762.774843,900189.9014,651841.4257,2557.947508,1112.475009
Limnodromus,scolopaceus,Scolopacidae,Long-billed Dowitcher,2320,,Adults first,Adults first,,,Complete,,Yes,100,Small,Small,,,,,night,,night,Yes,,Yes,100,100,269.6,long,10300.52167,-1686.358215,,,20501.30227,20344.88609,,
Asio,otus,Strigidae,Long-eared Owl,3660,,Juveniles first,Juveniles first,,,Partial,,No,,,Solo,,,,Irruptive,night,day,night,,No,No,50,6,6,short,-12645.61799,3759.507769,1701.647777,383.3212639,6654.574547,2695.087441,17695.56708,10544.93596
Clangula,hyemalis,Anatidae,Long-tailed Duck,1540,,Concurrent,Concurrent,,,Complete,Pottentially limited residency,Yes,,Small,Small,Tight,,,Evidence of medium migratory flocks in europe,night,night,night,Yes,,Yes,60,60,1130,short,-1759.125535,-1651.092084,,,27531.99146,12818.25213,,
Stercorarius,longicaudus,Stercorariidae,Long-tailed Jaeger,380,,,,,,Complete,,Sometimes,,Small,Small,,,,,day,,day,,,,1,1,148.8,short,,,,,,,,
Parkesia,motacilla,Parulidae,Louisiana Waterthrush,6760,Adults first,,Adults first,200,300,Complete,,No,,,Solo,,,,,night,,night,,Yes,Yes,50,7,9.87,long,,,-812.2118179,-55.6852868,,,1015.151311,201.4121116
Leiothlypis,luciae,Parulidae,Lucy's Warbler,6430,,Concurrent,Concurrent,,,Complete,,,1,,Solo,,,,,,night,night,,,,12,12,68.8,short,,,-239.4597708,52.64303713,,,3027.575982,1379.899747
Geothlypis,tolmiei,Parulidae,MacGillivray's Warbler,6800,Concurrent,Juveniles first,Juveniles first,220,320,Complete,,,11,,Small,,,,,,,,,,,50000,10000,432.4,long,,,1018.830729,-2025.235634,,,1585.273685,880.951658
Setophaga,magnolia,Parulidae,Magnolia Warbler,6570,Concurrent,Juveniles first,Juveniles first,220,330,Complete,,Yes,,Small,Small,Loose,,,Mixed Species flocks,night,,night,Yes,Yes,Yes,50,2,9.1,long,,,2786.635251,1668.043712,,,1278.986267,812.4684616
Anas,platyrhynchos,Anatidae,Mallard,1320,,Concurrent,Concurrent,,,Partial,Only hybrids in banding data,Yes,100,Small,Small,Tight,,,Adult males migrate before adult females and young.,night,night,night,Yes,,Yes,85,25,620,short,,,-783.7166445,216.851423,,,793.2065066,786.9031902
Limosa,fedoa,Scolopacidae,Marbled Godwit,2490,,Adults first,Adults first,,,Complete,,Yes,65,,Small,,,,,,,,,,,,3,429.2,long,8141.395834,237.5895734,2148.740514,-3958.277674,27771.70539,7507.917136,956.6134555,1484.754515
Cistothorus,palustris,Troglodytidae,Marsh Wren,7250,Concurrent,,Concurrent,220,300,Partial,,,,,,,,,,night,night,night,,No,No,2,2,10.6,short,141.939455,2646.676622,-9610.4792,2031.34192,2517.579453,808.645474,1350.58305,1160.634686
Falco,columbarius,Falconidae,Merlin,3570,Juveniles first,Juveniles first,Juveniles first,230,300,Partial,,Sometimes,,Small,Small,Loose,,,,day,,day,,,,50,,19.8,short,,,2400.018777,-858.0882783,,,1567.486276,2538.757634
Ictinia,mississippiensis,Accipitridae,Mississippi Kite,3290,,Concurrent,Concurrent,,,Complete,,Yes,1000,Large,Large,,,,,day,day,day,Yes,,Yes,100,100,245,long,,,8825.726653,-4025.741476,,,664.9592401,1297.960416
Sialia,currucoides,Turdidae,Mountain Bluebird,7680,,Concurrent,Concurrent,,,Complete,Very limited residency reported,Yes,,,,,Yes,,,day,,day,,Yes,Yes,43,43,29.6,long,,,-772.9050479,2103.711977,,,1914.711787,676.7954888
Charadrius,montanus,Charadriidae,Mountain Plover,2810,,,,,,Complete,Pottentially limited residency,Yes,,Small,Small,,,,,night,night,night,Yes,,Yes,15,15,26.3,short,,,194.4597751,593.7744381,,,3629.428562,1943.629768
Zenaida,macroura,Columbidae,Mourning Dove,3160,,,,,,Partial,,Yes,,Small,Small,,,,,day,,day,No,No,No,350,,13.6,short,-315.7046483,4400.346563,3934.626891,126.7350972,627.2814856,584.6415485,234.3910558,94.29222327
Geothlypis,philadelphia,Parulidae,Mourning Warbler,6790,Adults first,,Adults first,210,320,Complete,,,22,,Small,,,,,night,,night,Yes,Yes,Yes,100,100,529,short,,,-1916.9019,-74.23209361,,,674.1087948,817.350995
Leiothlypis,ruficapilla,Parulidae,Nashville Warbler,6450,Adults first,Concurrent,Concurrent,230,340,Complete,,Yes,,Small,Small,,,,Mixed Species flocks,night,day,night,,Yes,Yes,,,24.4,long,-11791.06446,9160.247065,-1499.690682,1350.718515,4250.384657,5474.698208,670.4897865,705.1037662
Colaptes,auratus,Picidae,Northern Flicker,,,,,,,Partial,red-shafted/yellow-shafted seperated in banding,Yes,100,Small,Small,Loose,,,Flocks may be medium,night,night,night,,No,No,1,1,88,long,,,,,,,,
Morus,bassanus,Sulidae,Northern Gannet,1170,,Juveniles first,Juveniles first,,,Partial,,,,,,,,,Adults more resident,,,,,,,8,8,25,long,2223.928648,2938.064565,-1.49E-12,0,24266.68178,11915.38815,444600.5835,260357.5655
Accipiter,gentilis,Accipitridae,Northern Goshawk,3340,,Juveniles first,Juveniles first,,,Mostly Resident,Southerly range expansion in winter,,1,,Solo,,,Sometimes,,day,day,day,No,,No,1,1,704,short,,,-580.6206491,-72.73104344,,,2930.817636,1498.812094
Circus,hudsonius,Accipitridae,Northern Harrier,3310,,Juveniles first,Juveniles first,,,Partial,,No,10,,Solo,,No,,,day,day,day,,,,1,1,372,long,,,-755.98966,424.8218906,,,713.4952565,632.1711481
Setophaga,americana,Parulidae,Northern Parula,6480,Adults first,,Adults first,250,320,Complete,,Yes,,Small,Small,,,,Mixed Species flocks,night,night,night,,Yes,Yes,26,18,10.3,long,-936.1949176,-426.2860065,2603.899942,8597.902089,6591.447827,5881.460834,774.5130217,724.008874
Anas,acuta,Anatidae,Northern Pintail,1430,Concurrent,Concurrent,Concurrent,220,300,Complete,Very limited residency reported,Yes,1000,Large,Large,Tight,,,Adult males migrate before adult females and young.,night,night,night,Yes,,Yes,4000,4000,1006,long,-14710.67798,16691.82877,3084.696133,188.965864,10708.78667,5014.525558,2430.486407,3325.827532
Stelgidopteryx,serripennis,Hirundidae,Northern Rough-winged Swallow,6170,,,,,,Partial,,Yes,1,Medium,Medium,,,,,day,day,day,,Yes,Yes,1,1,565,short,686.4812185,10121.00742,6618.127078,-3165.993692,76843.86559,49121.24114,707.0241163,397.7373902
Aegolius,acadicus,Strigidae,Northern Saw-whet Owl,3720,Concurrent,Adults first,Adults first,260,320,Partial,,No,15,,Solo,,,,Irruptive,night,night,night,,Yes,Yes,500,500,563,short,4299.607008,-1590.600085,1088.547685,-249.6517595,2717.280033,1926.773355,19294.74646,9803.165314
Anas,clypeata,Anatidae,Northern Shoveler,1420,,Concurrent,Concurrent,,,Complete,,Yes,100,Small,Small,Tight,,,Adult males migrate before adult females and young.,night,day,night,,,,2500,2500,811,long,,,3036.883037,255.172473,,,2004.152215,2811.473103
Lanius,borealis,Laniidae,Northern Shrike,6210,,Concurrent,Concurrent,,,Complete,,Sometimes,,Small,Small,,Sometimes,,,day,,day,,No,No,7,7,4900,short,,,,,,,,
Parkesia,noveboracensis,Parulidae,Northern Waterthrush,6750,Adults first,,Adults first,200,310,Complete,,Yes,,Small,Small,Loose,,,,night,night,night,,Yes,Yes,22,7,10.1,long,1583.455852,1897.086103,-8791.334276,780.1853433,29322.65905,26668.3136,1258.884043,1012.231739
Contopus,cooperi,Tyrannidae,Olive-sided Flycatcher,4590,,,,,,Complete,,No,,,Solo,,,,,night,,night,,No,No,,1,34.5,long,,,-2474.643331,-312.5503501,,,1347.45122,534.263522
Leiothlypis,celata,Parulidae,Orange-crowned Warbler,6460,Concurrent,,Concurrent,250,320,Partial,,Sometimes,,Small,Small,,,,,night,,night,,Yes,Yes,12,12,44,short,-4800.791937,2572.299191,3461.1097,-974.2665534,759.5800707,1972.712976,2079.903837,1012.49488
Icterus,spurius,Icteridae,Orchard Oriole,5060,Adults first,,Adults first,200,310,Complete,,Yes,,Small,Small,,,,,night,day,night,,No,No,1000,,24.6,long,,,-217.1603442,4438.080741,,,324.9369345,371.6532496
Pandion,haliaetus,Pandionidae,Osprey,3640,,,,,,Partial,,No,,,Solo,,,,,day,,day,,,,100,100,409,long,-1241.764247,464.6365875,11449.40527,578.1616011,2175.31156,2157.456481,1739.906637,684.5163869
Seiurus,aurocapilla,Parulidae,Ovenbird,6740,Adults first,,Adults first,250,320,Complete,,,,,,,,,,night,night,night,,Yes,Yes,15,2,8.96,long,287.4209073,2875.858327,1340.223068,555.0835142,4546.061771,3936.946931,472.5357673,205.4939861
Pluvialis,fulva,Charadriidae,Pacific Golden-Plover,2721,,Adults first,Adults first,,,Complete,,Yes,,,,,,,,night,night,night,Yes,,Yes,1,1,19.5,short,,,,,,,,
Gavia,pacifica,Gaviidae,Pacific Loon,100,,,,,,Complete,,Yes,,Small,Small,Loose,,,,day,night,day,No,,No,300,300,18.6,long,,,,,,,,
Empidonax,difficilis,Tyrannidae,Pacific-slope Flycatcher,4641,,Adults first,Adults first,,,Complete,,,,,,,,,,,,,,,,,1,11.4,short,,,905.5333765,-410.0344475,,,1712.10153,703.5362158
Passerina,ciris,Cardinalidae,Painted Bunting,6010,Adults first,,Adults first,250,350,Complete,,,,,,,,,,night,night,night,,Yes,Yes,40,8,8.4,short,406.8008154,1683.072925,-1472.983565,2906.399028,6638.988426,6033.569925,206.317218,773.7101224
Setophaga,palmarum,Parulidae,Palm Warbler,6720,,,,,,Complete,seperated yellow/brown in banding,Yes,,Small,Small,,,,Mixed Species flocks,night,night,night,,Yes,Yes,11,2,10.3,long,-1443.061737,831.9188105,6425.654899,-1521.416621,3614.942479,3224.785276,5381.163762,13336.19335
Stercorarius,parasiticus,Stercorariidae,Parasitic Jaeger,370,,,,,,Complete,,Sometimes,1,Small,Small,,,,,day,,day,,,,1,1,1806,short,5884.634166,1522.083753,,,12008.4579,9300.272757,,
Calidris,melanotos,Scolopacidae,Pectoral Sandpiper,2390,,Adults first,Adults first,,,Complete,,Yes,,Small,Small,,,,,night,night,night,,,,2000000,2000000,33.2,long,,,,,,,,
Urile,pelagicus,Phalacrocoracidae,Pelagic Cormorant,1230,,,,,,Partial,,Sometimes,,Small,Small,Loose,,,,day,night,day,No,,No,1,1,213.4,short,573.3567019,3283.488724,199.5523249,554.7391466,11906.24904,3986.965153,43057.90167,11056.37082
Falco,peregrinus,Falconidae,Peregrine Falcon,3560,,,,,,Partial,,,1,,Solo,,,,,day,night,day,,,,34,34,21.4,short,-10936.35257,5001.210068,167.9430319,834.8345966,4710.0115,1563.815599,6522.9007,2077.463435
Phainopepla,nitens,Bombycillidae,Phainopepla,6200,,Concurrent,Concurrent,,,Complete,,Yes,40,Small,Small,Loose,,,,,day,day,,,,1,1,109.9,short,-59.34461452,510.1973238,-1504.687767,701.4693052,8026.849133,2867.185874,5137.491876,1979.300336
Vireo,philadelphicus,Vireonidae,Philadelphia Vireo,6260,,,,,,Complete,,Yes,,,,,,,Mixed species flocks,night,night,night,,No,No,1,1,8.6,short,,,1603.840499,-701.5486393,,,4839.571969,3220.565005
Podilymbus,podiceps,Podicipedidae,Pied-billed Grebe,60,,,,,,Partial,,Yes,,Small,Small,,,,Flocks may be medium or large,night,day,night,,,,12,12,115.2,long,,,-340.8458596,567.6376022,,,951.75349,1455.226711
Spinus,pinus,Fringillidae,Pine Siskin,5330,Concurrent,,Concurrent,250,350,Partial,Irruptive,Yes,30,Medium,Medium,,,,Large flocks noted,day,night,day,,Yes,Yes,1610,1610,34.8,long,,,2271.217474,-1089.398734,,,3721.50111,3094.482679
Setophaga,pinus,Parulidae,Pine Warbler,6710,Adults first,,Adults first,240,340,Partial,,Sometimes,,Small,Small,,,,Mixed Species flocks,night,night,night,,Yes,Yes,5,1,18.9,short,1007.03132,-1533.77488,2133.258829,5581.130785,2097.204479,2813.471221,661.8005937,467.2095321
Charadrius,melodus,Charadriidae,Piping Plover,2770,Adults first,,Adults first,190,300,Complete,,Yes,50,Small,Small,,,,,,day,day,,,,200,200,130,short,-2300.451072,-91.27489247,,,8415.753054,7260.135392,,
Vireo,plumbeus,Vireonidae,Plumbeous Vireo,6292,,,,,,Partial,,No,,,Solo,,,,,,,,,,,40,,14.3,long,,,2144.04126,-1152.831795,,,79249.78498,39368.84208
Stercorarius,pomarinus,Stercorariidae,Pomarine Jaeger,360,,,,,,Complete,,Sometimes,1,Small,Small,,,,,day,night,day,,,,1,1,53.9,short,8692.807299,2539.889834,,,10635.25006,3517.599379,,
Falco,mexicanus,Falconidae,Prairie Falcon,3550,,,,,,Partial,,Sometimes,250,Small,Small,,,,,day,night,day,,,,,155,28.1,long,931.4920752,1086.5512,-876.0709804,637.9467058,1448.243061,453.0032587,2013.45444,484.0722371
Setophaga,discolor,Parulidae,Prairie Warbler,6730,Adults first,,Adults first,200,330,Partial,,Sometimes,,Small,Small,Loose,,,,night,night,night,,Yes,Yes,41,20,13.1,short,153.9812392,-1075.190783,-106.6234173,144.198254,4399.456025,3637.368506,1238.882776,574.5371085
Protonotaria,citrea,Parulidae,Prothonotary Warbler,6370,,Concurrent,Concurrent,,,Complete,,Sometimes,,Small,Small,,,Sometimes,,night,,night,,Yes,Yes,1,1,13.75,long,,,2188.975215,3658.657828,,,943.3693524,1109.397641
Haemorhous,purpureus,Fringillidae,Purple Finch,5170,,Juveniles first,Juveniles first,,,Partial,,Yes,,,,,,Sometimes,,day,night,day,,Yes,Yes,15,3,29.1,short,,,-3356.006384,566.9912077,,,887.0831013,503.7186167
Porphyrio,martinica,Rallidae,Purple Gallinule,2180,,,,,,Partial,,,,,,,,,,night,night,night,,,,125,125,39.7,long,4400.135386,-921.4849171,263.484386,100.5310449,10165.80648,10348.80303,4854.465139,13987.56531
Progne,subis,Hirundidae,Purple Martin,6110,Concurrent,Concurrent,Concurrent,200,250,Complete,,Yes,,Medium,Medium,,,,Flocks can be large,day,night,day,,No,No,250,250,37.9,long,,,1588.270803,7.073401495,,,935.4997287,685.2169258
Alca,torda,Alcidae,Razorbill,320,,Concurrent,Concurrent,,,Dispersive,,,,,,,Yes,,Offspring pair with parent at first but then split during migration,,,,No,,No,12971,1145,734.5,short,-1843.373944,-9040.439824,,,62495.37858,24786.24536,,
Calidris,canutus,Scolopacidae,Red Knot,2340,,,,,,Complete,,Yes,,Small,Small,,,,Flocks may be medium,night,night,night,Yes,,Yes,,300,375,long,2621.214206,3537.788137,,,38985.58116,28209.09346,,
Phalaropus,fulicarius,Scolopacidae,Red Phalarope,,,Adults first,Adults first,,,Complete,,Yes,,Small,Small,,,,Flocks may be medium,night,,night,,,,330,158,112.5,long,,,,,,,,
Mergus,serrator,Anatidae,Red-breasted Merganser,1300,,Concurrent,Concurrent,,,Complete,,Yes,,Small,Small,Tight,,,Adult males migrate before adult females and young.,night,,night,,,,300,300,1117,long,,,1798.798978,227.596425,,,8301.448987,9261.968815
Sphyrapicus,ruber,Picidae,Red-breasted Sapsucker,4030,,,,,,Partial,,Sometimes,,Small,Small,,,Sometimes,,,,,,,,174,174,170,short,,,144.7387329,2637.827525,,,3714.972659,1180.534815
Vireo,olivaceus,Vireonidae,Red-eyed Vireo,6240,Adults first,Concurrent,Concurrent,220,320,Complete,,Yes,,,,,,,Juvenile migration period more protracted. Mixed species flocks,night,,night,No,No,No,,2,17.9,short,,,678.2996605,624.860901,,,294.3352642,124.2993907
Cardellina,rubrifrons,Parulidae,Red-faced Warbler,6900,,,,,,Complete,Limited residency possible,Yes,100,Small,Small,,,,Mixed Species flocks,,,,,,,,10,116.1,short,,,-577.030536,165.2433403,,,13792.55491,8423.586529
Melanerpes,erythrocephalus,Picidae,Red-headed Woodpecker,4060,,Adults first,Adults first,,,Partial,,Yes,1,Small,Small,,,,,night,night,night,Yes,Yes,Yes,1,1,415,short,,,1815.29306,-4349.835139,,,294.5786125,315.6414819
Sphyrapicus,nuchalis,Picidae,Red-naped Sapsucker,4021,Adults first,,Adults first,230,300,Partial,,,1,,Solo,,,,,,night,night,,,,1,1,321.7,short,,,4007.890301,-4361.560627,,,2610.859392,1878.718676
Podiceps,grisegena,Podicipedidae,Red-necked Grebe,20,,,,,,Complete,,Yes,,Small,Small,,,,,night,,night,,,,20,20,186.8,long,25702.45052,-2193.38206,14831.28364,-2775.008457,6548.917777,4355.607726,11218.249,10341.32064
Phalaropus,lobatus,Scolopacidae,Red-necked Phalarope,2230,Adults first,Adults first,Adults first,190,270,Complete,,Yes,10000,,Large,,,,,night,night,night,,,,800,200,123,long,,,,,,,,
Buteo,lineatus,Accipitridae,Red-shouldered Hawk,3390,,Juveniles first,Juveniles first,,,Partial,,Sometimes,3,Small,Small,Loose,,,,day,day,day,No,,No,1,1,543.5,short,,,-659.0776975,3808.361467,,,652.6832231,584.0389259
Buteo,jamaicensis,Accipitridae,Red-tailed Hawk,3370,,Juveniles first,Juveniles first,,,Partial,,Sometimes,9,Small,Small,Loose,,,,day,day,day,No,,No,1,1,1028,long,-1561.837646,4778.629424,4156.244498,112.8447435,768.1959175,521.7433396,333.0467246,137.7197592
Gavia,stellata,Gaviidae,Red-throated Loon,110,,Adults first,Adults first,,,Complete,,Yes,3000,Small,Small,Loose,,,,day,night,day,Yes,,Yes,100,20,12,long,21532.13824,-2458.141769,,,6325.128552,1868.692046,,
Agelaius,phoeniceus,Icteridae,Red-winged Blackbird,4980,,,,,,Partial,,Yes,1,Small,Small,,,,,day,day,day,,Yes,Yes,1,1,1100,long,,,-4071.739736,2413.336975,,,243.8039455,169.2699276
Aythya,americana,Anatidae,Redhead,1460,,,,,,Complete,Limited residency reported,Yes,1000,Small,Small,Tight,,,,,night,night,,,,15000,800,838,long,,,5066.08195,3009.373095,,,3873.126659,4065.410112
Larus,delawarensis,Laridae,Ring-billed Gull,540,,,,,,Partial,,Yes,1000,Medium,Medium,Loose,,,Flocks may be small,day,day,day,Yes,,Yes,12333,12333,70.5,short,,,20550.60622,-636.4158351,,,5723.411325,3413.43131
Aythya,collaris,Anatidae,Ring-necked Duck,1500,,Concurrent,Concurrent,,,Complete,Potentially very limited residency,Yes,35,Small,Small,Tight,,,Adult males migrate before adult females and young.,night,,night,,,,1000,1000,1078,long,-13345.66541,9569.951317,-582.6410621,-2055.710373,14279.63705,8220.484647,4124.585105,5565.000239
Calidris,ptilocnemis,Scolopacidae,Rock Sandpiper,2356,,,,,,Complete,,Yes,5,Small,Small,,,,Flocks may be medium,day,night,day,,,,4,4,155.8,short,-803.6491906,-2136.266891,,,55898.09232,18176.47196,,
Salpinctes,obsoletus,Troglodytidae,Rock Wren,7150,,,,,,Partial,,,,,,,,Sometimes,,night,night,night,,,,,2,16.5,short,-2411.837307,2512.077057,-1379.602885,659.5210391,3096.747098,1887.053373,1953.893026,606.558283
Pheucticus,ludovicianus,Cardinalidae,Rose-breasted Grosbeak,5950,,Concurrent,Concurrent,,,Complete,,Sometimes,,Small,Small,,,,,night,night,night,Yes,Yes,Yes,56,56,46.1,long,7674.911029,-2439.141531,-5738.772596,-1128.5116,14408.25214,4298.561963,549.9226715,274.5327818
Sterna,dougallii,Laridae,Roseate Tern,720,,Concurrent,Concurrent,,,Partial,,Yes,,,,,,,,,,,,,,30,,36.3,short,,,,,,,,
Anser,rossii,Anatidae,Ross's Goose,1700,,Concurrent,Concurrent,,,Complete,,Yes,100,Large,Large,Tight,Yes,,,,night,night,Yes,,Yes,1000,1000,908,short,19305.87861,528.3300467,,,42720.86863,102976.9198,,
Buteo,lagopus,Accipitridae,Rough-legged Hawk,3470,,,,,,Complete,,Sometimes,10,Small,Small,,,,,day,day,day,No,,No,1,1,1027,long,2825.912261,7286.71184,,,2069.681584,1064.593092,,
Thalasseus,maximus,Laridae,Royal Tern,650,,Concurrent,Concurrent,,,Partial,,Yes,2000,Small,Small,,Yes,,,,day,day,,,,12333,,94.5,long,-3987.123678,569.9082562,-3904.108472,-1247.930844,7208.978092,7001.756502,6888.366813,4997.336267
Corthylio,calendula,Regulidae,Ruby-crowned Kinglet,7490,Adults first,,Adults first,240,330,Complete,,,100,,Small,,,Sometimes,,night,,night,No,No,No,30,30,35.9,long,-10163.59823,4755.611498,-6349.333485,-2675.491635,927.5798378,713.9028941,1405.617068,1145.022885
Archilochus,colubris,Trochilidae,Ruby-throated Hummingbird,4280,Adults first,Adults first,Adults first,220,300,Complete,,No,1,,Solo,,,,,day,day,day,,No,No,1,1,3.08,long,-557.8515865,9473.284869,389.2722659,2283.173116,5561.258208,5837.526349,457.1008156,221.5524636
Oxyura,jamaicensis,Anatidae,Ruddy Duck,1670,,,,,,Partial,,Yes,,Small,Small,,,,,night,night,night,,,,400,400,1712,short,,,3708.690981,1899.667262,,,3563.80585,3825.438683
Arenaria,interpres,Scolopacidae,Ruddy Turnstone,2830,,Adults first,Adults first,,,Complete,,Yes,,Small,Small,,,,Flocks may be medium,,night,night,,,,,100,100,long,985.9517379,1179.938682,,,4817.715971,3938.021875,,
Selasphorus,rufus,Trochilidae,Rufous Hummingbird,4330,Adults first,Adults first,Adults first,170,270,Complete,,No,,,Solo,,,,,day,,day,,No,No,1,1,3.27,long,10209.43305,5855.391007,1372.262456,894.6566302,3941.642785,8622.779395,2862.248681,1493.510339
Euphagus,carolinus,Icteridae,Rusty Blackbird,5090,Adults first,Concurrent,Concurrent,250,320,Complete,,Yes,60,Medium,Medium,,,,Flocks can be large,day,night,day,,Yes,Yes,50,50,12.7,short,,,-250.6588024,-892.51549,,,8680.940503,5443.182565
Xema,sabini,Laridae,Sabine's Gull,620,,Adults first,Adults first,,,Complete,,Yes,1,Small,Small,,,,,night,day,night,,,,1,1,47.7,short,,,,,,,,
Oreoscoptes,montanus,Mimidae,Sage Thrasher,7020,Concurrent,,Concurrent,220,300,Complete,,Sometimes,,,,,,,,,,,,,,10000,1000,1747,short,1309.267411,347.619995,582.2542024,-235.2951908,10722.92283,5501.046743,1653.640392,341.6998347
Ammospiza,caudacuta,Passerellidae,Saltmarsh Sparrow,5490,,,,,,Partial,,,,,,,,,,night,night,night,,Yes,Yes,,5,8.1,short,,,,,,,,
Calidris,alba,Scolopacidae,Sanderling,2480,,Adults first,Adults first,,,Complete,,Yes,150,Small,Small,,,,,night,night,night,,,,,,282.1,long,8371.501057,-3649.456674,,,7224.737348,3020.072241,,
Antigone,canadensis,Gruidae,Sandhill Crane,2060,,Concurrent,Concurrent,,,Partial,,Sometimes,,Small,Small,Tight,Yes,,,day,night,day,Yes,,Yes,27,,13.1,short,-3039.658608,3492.493142,23917.23379,4704.869575,87574.73646,42883.4729,2771.854549,1112.149151
Thalasseus,sandvicensis,Laridae,Sandwich Tern,670,,,,,,Partial,,Yes,,,,,,,,,day,day,,,,1,1,63.4,short,1041.070665,-349.0646813,,,9131.66629,9174.109819,,
Passerculus,sandwichensis,Passerellidae,Savannah Sparrow,5420,Concurrent,,Concurrent,250,350,Partial,,Yes,,,,,,,,night,night,night,,Yes,Yes,50,2,8.06,long,,,-13481.63428,3552.088822,,,711.5358922,376.2635
Sayornis,saya,Tyrannidae,Say's Phoebe,4570,,,,,,Partial,,Sometimes,,Small,Small,,,,,day,day,day,,,,1,1,21.2,long,,,-1529.896946,1855.265755,,,966.5857831,300.1458705
Piranga,olivacea,Cardinalidae,Scarlet Tanager,6080,Adults first,Concurrent,Concurrent,270,320,Complete,,Sometimes,100,Small,Small,,,,,night,night,night,,Yes,Yes,50,50,225,long,,,-1627.66571,-2315.492935,,,635.2893749,171.8805882
Tyrannus,forficatus,Tyrannidae,Scissor-tailed Flycatcher,4430,Concurrent,,Concurrent,180,250,Complete,,Yes,10000,Small,Small,,,,,night,day,night,,No,No,250,20,38,long,-30332.45623,4500.838834,-236.6327929,740.4038301,6146.368766,10392.78267,117.5335856,481.0304861
Icterus,parisorum,Icteridae,Scott's Oriole,5040,,Concurrent,Concurrent,,,Partial,,Yes,,Small,Small,,,,,,,,,,,50,50,28.3,short,,,1473.926968,-714.9583374,,,2240.659946,1338.412671
Ammospiza,maritima,Passerellidae,Seaside Sparrow,5500,,,,,,Partial,,,,,,,,,,night,night,night,Yes,Yes,Yes,25,3,7.4,long,5156.638327,1188.77228,-8879.189906,-8882.060688,11031.53889,9419.730166,5337.584919,5091.733481
Cistothorus,stellaris,Troglodytidae,Sedge Wren,7240,Concurrent,,Concurrent,250,320,Complete,,Yes,,,,,,,Mixed species flocks,night,night,night,,No,No,2,2,8.25,short,,,-3535.715484,1183.214072,,,393.7984148,1667.928187
Charadrius,semipalmatus,Charadriidae,Semipalmated Plover,2740,Adults first,Adults first,Adults first,200,300,Complete,,Yes,,,,,,,,night,night,night,Yes,,Yes,,1,58.8,long,1259.219482,2942.646018,,,19204.69894,13878.53166,,
Calidris,pusilla,Scolopacidae,Semipalmated Sandpiper,2460,Adults first,Adults first,Adults first,180,300,Complete,,Yes,15,,Small,,,,,night,night,night,,,,40,40,86.4,long,17046.6383,-8676.975313,,,152486.9149,128832.4167,,
Accipiter,striatus,Accipitridae,Sharp-shinned Hawk,3320,Juveniles first,Juveniles first,Juveniles first,230,320,Partial,Year-round in S. America.,Sometimes,3,Small,Small,,,,,day,day,day,No,,No,1,1,103,short,-325.6467863,6101.548944,876.1928894,109.0720783,473.3570123,364.0896935,993.0938448,543.1974312
Limnodromus,griseus,Scolopacidae,Short-billed Dowitcher,2310,Adults first,Adults first,Adults first,200,320,Complete,,Yes,,Medium,Medium,,,,Flocks may be small or large,night,night,night,,,,17,17,68.5,long,5473.023014,6635.657955,,,58589.37913,83691.70055,,
Larus,brachyrhynchus,Laridae,Short-billed Gull,,,,,,,Complete,Limited residency reported. Mew gull in banding,,320,,Medium,,,,,,day,day,,,,70,70,21.3,long,,,,,,,,
Asio,flammeus,Strigidae,Short-eared Owl,3670,,,,,,Partial,,No,,,Solo,,,,Irruptive,,,,,No,No,12971,503,2932,short,3961.091109,-3283.367839,321.5075217,-1269.259569,3982.398302,3149.258405,5987.978385,4510.033039
Calcarius,pictus,Calcariidae,Smith's Longspur,5370,,,,,,Complete,,Yes,,Medium,Medium,,,,Flocks can be small,night,day,night,,No,No,100,100,49.9,short,,,,,,,,
Plectrophenax,nivalis,Calcariidae,Snow Bunting,5340,Juveniles first,,Juveniles first,230,320,Complete,Limited residency reported,Yes,,Small,Small,Loose,,,,night,night,night,,Yes,Yes,,3,15.4,long,,,,,,,,
Anser,caerulescens,Anatidae,Snow Goose,1690,,Concurrent,Concurrent,,,Complete,lesser/greater seperated in banding,Yes,35,Large,Large,Tight,Yes,,,night,night,night,Yes,,Yes,2500,2500,1246,short,,,,,,,,
Egretta,thula,Ardeidae,Snowy Egret,1970,,,,,,Partial,,,,,,,,,,night,night,night,,,,955,398,369,short,-1110.224507,2424.201523,288.671366,-2172.237528,2115.695934,2868.913746,2865.586568,6949.904101
Bubo,scandiacus,Strigidae,Snowy Owl,3760,,,,,,Partial,,No,,,Solo,,,,Irruptive,night,night,night,,No,No,26,2,30.3,long,7705.614555,-2423.751414,,,3206.300795,5132.856421,,
Charadrius,nivosus,Charadriidae,Snowy Plover,2780,,,,,,Partial,,,2000,,Large,,,,,,day,day,,,,1000,1000,538,short,-4302.51876,1294.627635,1.03E-12,4.22E-14,8145839095,5863836431,66463.18468,5945.704259
Tringa,solitaria,Scolopacidae,Solitary Sandpiper,2560,,,,,,Complete,,Sometimes,1,Small,Small,,,,,night,night,night,Yes,,Yes,1,1,261,short,-4841.1373,1486.001264,-1822.885295,420.0271092,1288.930748,5669.608839,7449.112696,10586.69876
Melospiza,melodia,Passerellidae,Song Sparrow,5810,Concurrent,,Concurrent,220,330,Partial,,,,,,,,,,night,night,night,,Yes,Yes,5,1,10.3,long,,,-1838.934988,-537.9326563,,,269.7950264,116.2411376
Porzana,carolina,Rallidae,Sora,2140,,,,,,Partial,,Yes,25,Small,Small,,,,Flocks may be medium,night,night,night,,,,150,150,56.5,long,-15839.48449,6102.970469,211.0109661,-398.9317319,4176.316441,3385.065882,1049.940153,2047.832985
Somateria,fischeri,Anatidae,Spectacled Eider,,,,,,,Complete,,Yes,30,Small,Small,Tight,,,,day,,day,,,,1500,1500,887,short,,,,,,,,
Actitis,macularius,Scolopacidae,Spotted Sandpiper,2630,Adults first,Adults first,Adults first,180,300,Complete,,Sometimes,1100,Small,Small,,,,,night,night,night,,,,125,125,117,long,-2620.074239,1886.143757,-9104.019206,1039.596368,4056.753461,2026.220575,1197.787049,917.704862
Pipilo,maculatus,Passerellidae,Spotted Towhee,5880,,,,,,Partial,,,,,,,,,,night,,night,,No,No,500,83,1750,short,-7314.924044,7688.077225,-1160.811933,4582.912585,2035.393362,788.7747175,1913.485304,778.506709
Anthus,spragueii,Motacillidae,Sprague's Pipit,7000,,,,,,Complete,,No,,,Solo,,,,,day,,day,,No,No,15700,15700,657,long,13560.52598,-386.6733084,429.9130539,-2432.714465,21379.14351,38758.83534,3097.116541,4127.14176
Polysticta,stelleri,Anatidae,Steller's Eider,,,Concurrent,Concurrent,,,Complete,,Yes,15,Small,Small,Tight,,,,,night,night,Yes,,Yes,36,36,1082,short,,,,,,,,
Calidris,himantopus,Scolopacidae,Stilt Sandpiper,2330,,Adults first,Adults first,,,Complete,,Yes,31,Small,Small,,,,,night,night,night,Yes,,Yes,6,6,497.4,long,-2876.49814,2093.363319,,,7474.436074,27264.05965,,
Myiodynastes,luteiventris,Tyrannidae,Sulphur-bellied Flycatcher,4510,,,,,,Complete,,,,,,,,,,,,,,,,,5,46.7,short,,,,,,,,
Piranga,rubra,Cardinalidae,Summer Tanager,6100,Adults first,,Adults first,250,330,Complete,,,,,,,,,,night,night,night,,,,50,50,145,long,5963.078653,-5557.627431,-2406.097048,311.2237674,2507.405084,4826.340423,400.6259163,291.3470929
Melanitta,perspicillata,Anatidae,Surf Scoter,1660,,Adults first,Adults first,,,Complete,,Yes,,,,,,,,night,night,night,,,,10,10,554,short,3840.208743,1569.617875,,,10010.72985,3465.994385,,
Calidris,virgata,Scolopacidae,Surfbird,2820,,Adults first,Adults first,,,Complete,,Yes,700,Medium,Medium,,,,,,night,night,,,,7,7,164,long,-681.9283455,-3983.338117,,,31488.94492,8555.913948,,
Buteo,swainsoni,Accipitridae,Swainson's Hawk,3420,,Concurrent,Concurrent,,,Complete,,Yes,10000,Large,Large,,,,,day,day,day,No,,No,12000,12000,808,long,4657.985859,-11700.69461,-2171.500494,-976.3449093,4198.858201,11717.9436,620.1820462,383.1659983
Catharus,ustulatus,Turdidae,Swainson's Thrush,7580,Adults first,,Adults first,220,330,Complete,,,,,,,,,,night,night,night,Yes,Yes,Yes,1,1,27.5,long,,,-1877.054627,1100.514415,,,812.6176738,645.4548919
Limnothlypis,swainsonii,Parulidae,Swainson's Warbler,6380,Concurrent,,Concurrent,150,320,Complete,,Sometimes,,Small,Small,,,,,night,,night,,Yes,Yes,50,2,9.8,short,,,1565.970419,1055.219158,,,1774.592528,2285.662196
Melospiza,georgiana,Passerellidae,Swamp Sparrow,5840,Adults first,,Adults first,250,350,Complete,,Yes,,,,,,,,night,night,night,,Yes,Yes,,,,short,,,-5771.399354,2290.655226,,,810.1346572,504.6164293
Leiothlypis,peregrina,Parulidae,Tennessee Warbler,6470,Adults first,,Adults first,180,330,Complete,,Yes,100,,Small,,,,Mixed Species flocks,night,day,night,,Yes,Yes,50,50,21.6,long,-9781.227027,7006.100459,-29316.83734,4523.268218,12209.54698,5287.511704,5768.560547,4681.178306
Rhynchophanes,mccownii,Calcariidae,Thick-billed Longspur,5390,,,,,,Complete,McGown's Longspur in banding,Yes,,Medium,Medium,,,,,,,,,,,11,,29.3,long,-0.291933929,9413.52603,100.7931439,-3876.781904,3955308.33,2314716.193,8815.166212,8408.240717
Uria,lomvia,Alcidae,Thick-billed Murre,310,,Concurrent,Concurrent,,,Partial,,Sometimes,30,Small,Small,Tight,Yes,,Offspring pair with parent at first,,,,No,,No,15,15,952,short,,,,,,,,
Myadestes,townsendi,Turdidae,Townsend's Solitaire,7540,,Adults first,Adults first,,,Partial,,No,,,Solo,,,Sometimes,,,,,,,,1,1,32.4,short,593.214453,4330.724942,-2731.21949,-3018.901379,2944.461435,1019.519293,2067.713591,1153.670012
Setophaga,townsendi,Parulidae,Townsend's Warbler,6680,Concurrent,,Concurrent,210,310,Complete,Very limited residency reported,Yes,,Small,Small,,,,Mixed Species flocks. Medium flocks possible,,night,night,,,,21,1,14.39,long,186.3310329,1072.810014,1604.520753,-1842.618478,17057.45996,3724.447043,2684.452646,1731.016083
Tachycineta,bicolor,Hirundidae,Tree Swallow,6140,Concurrent,,Concurrent,190,310,Complete,Very limited residency reported,Yes,1,,Solo,Loose,,,,day,day,day,,Yes,Yes,1,1,612,long,,,-10147.12746,-4927.545081,,,776.1702027,434.6053894
Egretta,tricolor,Ardeidae,Tricolored Heron,1990,,,,,,Partial,,,,,,,,,,,,,,,,1,1,78.2,short,4138.445938,1507.872132,-645.7358119,362.4053268,2908.949605,2832.304997,2016.615693,4627.815407
Cygnus,buccinator,Anatidae,Trumpeter Swan,1810,,Concurrent,Concurrent,,,Partial,,Yes,1000,Small,Small,Tight,Yes,,,night,night,night,Yes,,Yes,50000,50000,2224,long,,,27684.30504,-3434.809567,,,22054.75159,13589.08039
Cygnus,columbianus,Anatidae,Tundra Swan,1800,,Concurrent,Concurrent,,,Complete,Whistling swan in banding,Yes,,Medium,Medium,Tight,Yes,,,night,,night,Yes,,Yes,1000,1000,2370,short,,,,,,,,
Cathartes,aura,Accipitridae,Turkey Vulture,3250,,,,,,Partial,,Sometimes,200,Medium,Medium,Loose,,,,day,day,day,No,,No,20,20,1430,short,1538.266208,2659.334557,5836.451825,5430.899352,1319.227811,1687.227867,440.8308574,483.6389829
Bartramia,longicauda,Scolopacidae,Upland Sandpiper,2610,,,,,,Complete,,Yes,1000,Small,Small,,,,,night,night,night,Yes,,Yes,30,30,220,long,,,-4429.225123,2044.38413,,,344.702939,466.7143901
Passerina,versicolor,Cardinalidae,Varied Bunting,6000,,,,,,Partial,,Yes,,Medium,Medium,,,,,,,,,,,15,15,53,long,,,-107.1110833,27.15528639,,,5178.288317,5294.08039
Ixoreus,naevius,Turdidae,Varied Thrush,7630,Concurrent,,Concurrent,250,300,Partial,,,,,,,,,,,,,,,,20,20,78.4,short,,,-507.944855,1605.579957,,,2853.851366,1976.416595
Chaetura,vauxi,Apodidae,Vaux's Swift,4240,,,,,,Partial,,Yes,1000,Large,Large,Tight,,,,day,day,day,,,,165,100,35.4,long,,,-534.1186396,644.1480491,,,5053.241167,2352.469819
Catharus,fuscescens,Turdidae,Veery,7560,Adults first,Concurrent,Concurrent,220,300,Complete,,Yes,,,,,,,,night,night,night,Yes,Yes,Yes,26,2,28.3,long,,,617.5226488,-856.1367564,,,557.1334788,325.0407715
Pooecetes,gramineus,Passerellidae,Vesper Sparrow,5400,Concurrent,,Concurrent,150,340,Partial,,Yes,100,Small,Small,,,,,night,night,night,,Yes,Yes,77,20,161.1,short,1946.220302,-5320.938626,-6216.60992,2612.10846,7320291.476,6146928.694,546.2106425,377.345355
Tachycineta,thalassina,Hirundidae,Violet-green Swallow,6150,,,,,,Partial,,Yes,7,Medium,Medium,,,Sometimes,,day,day,day,Yes,,Yes,1,1,111,short,,,1474.425775,2037.362508,,,2043.819017,834.2616623
Rallus,limicola,Rallidae,Virginia Rail,2120,Concurrent,,Concurrent,230,320,Partial,,No,,,Solo,,,,,night,night,night,No,,No,200,20,23.2,long,-7320.729871,5885.399725,-4859.907957,1941.910005,3776.191634,1103.496925,2559.048663,1925.632682
Leiothlypis,virginiae,Parulidae,Virginia's Warbler,6440,Concurrent,,Concurrent,200,280,Complete,,,12,,Small,,,,,night,day,night,,,,25,25,1485.5,long,,,-109.2861862,2629.569731,,,15380.57334,8560.746501
Tringa,incana,Scolopacidae,Wandering Tattler,2590,,Adults first,Adults first,,,Complete,,Yes,,,,,,,,,,,,,,20,20,46.9,long,241.4780658,-1076.394465,,,14385.47571,1317.733565,,
Vireo,gilvus,Vireonidae,Warbling Vireo,6270,,,,,,Partial,,Yes,,,,,,Sometimes,Mixed species flocks,night,night,night,,No,No,50,,15.3,long,,,1966.316457,1303.767408,,,348.6687888,238.2216849
Sialia,mexicana,Turdidae,Western Bluebird,7670,,,,,,Partial,,Yes,20,Small,Small,Loose,Yes,Yes,,day,day,day,,,,13,13,25.8,short,,,-735.0202982,1689.206951,,,3046.10237,1059.430614
Aechmophorus,occidentalis,Podicipedidae,Western Grebe,10,,,,,,Partial,,Yes,,,,,,,,night,night,night,,,,45,35,6.3,short,,,6586.9911,283.0468343,,,19466.16011,5653.835625
Tyrannus,verticalis,Tyrannidae,Western Kingbird,4470,,Adults first,Adults first,,,Complete,,Sometimes,,Small,Small,Loose,,,Flocks may be medium,day,,day,,No,No,,1,45,short,-5432.671499,4736.886053,-1400.528311,42.63617895,11024.47387,11232.68133,449.3656833,201.9050526
Sturnella,neglecta,Icteridae,Western Meadowlark,5011,,,,,,Partial,,Yes,12,Small,Small,Loose,,,Flocks may medium,night,day,night,,No,No,590,130,2349,long,2730.908289,96.78103876,-4468.288201,-224.3252738,3944.474319,1447.48721,376.3401582,247.8512498
Calidris,mauri,Scolopacidae,Western Sandpiper,2470,Adults first,Adults first,Adults first,180,300,Complete,,Yes,300,,Medium,,,,,night,night,night,,,,100,100,49.7,long,24036.80325,-4058.774415,,,22895.67712,18423.62785,,
Piranga,ludoviciana,Cardinalidae,Western Tanager,6070,Adults first,Adults first,Adults first,200,340,Complete,,Sometimes,30,Small,Small,,,,,night,night,night,,,,,596,100.7,short,-1210.000384,679.6870958,76.82023917,2860.851206,10481.67802,1146.556011,1523.492197,620.9739675
Contopus,sordidulus,Tyrannidae,Western Wood-Pewee,4620,Adults first,,Adults first,220,300,Complete,,No,,,Solo,,,,,,,,,,,,1,12.8,long,,,8.625862364,6629.408165,,,3635.444924,1436.763503
Numenius,phaeopus,Scolopacidae,Whimbrel,2650,,Adults first,Adults first,,,Complete,,Yes,,Small,Small,,,,,night,,night,Yes,,Yes,530,530,158,short,-13053.49533,2577.443664,,,7362.323642,1930.61938,,
Eudocimus,albus,Threskiornithidae,White Ibis,1840,,,,,,Partial,,Yes,,,,,,,,,,,,,,5000,5000,1036,short,-4030.419236,1091.391703,-13063.37277,997.4521302,3809.815928,4707.674112,12363.03959,18721.98248
Zonotrichia,leucophrys,Passerellidae,White-crowned Sparrow,5540,Concurrent,Juveniles first,Juveniles first,250,320,Partial,,No,40,,Solo,,,,,night,night,night,,Yes,Yes,1000,1000,421.6,short,38.54389168,4115.696672,3127.044769,3529.154927,3108.88323,1133.709942,1519.686656,790.1430651
Vireo,griseus,Vireonidae,White-eyed Vireo,6310,Adults first,Concurrent,Concurrent,250,340,Partial,,,,,,,,,,night,night,night,No,No,No,,2,18,long,-7820.149135,373.7054465,-2016.587751,-333.3309983,1693.525553,1902.17967,393.741711,364.3868048
Plegadis,chihi,Threskiornithidae,White-faced Ibis,1870,,,,,,Partial,,Yes,,,,,,,,,,,,,,1000,1000,679,short,-8164.309502,5256.762235,-6537.435219,8503.634101,149875.9816,98724.57153,8749.415386,22182.31088
Calidris,fuscicollis,Scolopacidae,White-rumped Sandpiper,2400,,,,,,Complete,,,50,,Small,,,,,night,,night,,,,1,1,354.8,long,,,,,,,,
Zonotrichia,albicollis,Passerellidae,White-throated Sparrow,5580,Concurrent,,Concurrent,230,340,Complete,,Yes,,,,Loose,,,,night,night,night,Yes,Yes,Yes,1,1,1429,short,39.02345752,5333.317429,-5728.1741,1186.535123,1026.1184,829.8377974,721.5167702,474.8447767
Aeronautes,saxatalis,Apodidae,White-throated Swift,4250,,,,,,Partial,,,300,,Medium,,,,,day,day,day,,,,12,12,23.6,long,-146.3286376,-957.8857502,-725.3423803,891.7165341,78584.58468,14943.12065,6031.83735,1076.925097
Zenaida,asiatica,Columbidae,White-winged Dove,3190,,Adults first,Adults first,,,Partial,,Yes,,Small,Small,,,,,day,night,day,No,No,No,,,15.3,short,5377.949541,3263.079476,15243.0612,-6443.727233,8266.625662,11902.39578,4488.048564,2505.563885
Melanitta,deglandi,Anatidae,White-winged Scoter,1650,,,,,,Complete,,Yes,,Medium,Medium,Tight,,,,night,,night,,,,5000,5000,672,short,25366.57263,-2223.858468,0,-2.24E-14,11049.6116,5646.883057,41765.01824,53417.06671
Grus,americana,Gruidae,Whooping Crane,2040,,Concurrent,Concurrent,,,Partial,,Sometimes,,Small,Small,Tight,Yes,,,day,,day,Yes,,Yes,,10,11.2,short,19395.53989,16556.74127,,,23145.45284,27687.1131,,
Tringa,semipalmata,Scolopacidae,Willet,2580,Adults first,Adults first,Adults first,180,350,Complete,,Yes,,Small,Small,,,,,night,,night,Yes,,Yes,1,1,315,short,27903.77519,-6847.452128,-1641.574279,-888.4967297,20364.79136,9400.529179,1174.983895,905.1066067
Sphyrapicus,thyroideus,Picidae,Williamson's Sapsucker,4040,,,,,,Partial,,Yes,,Small,Small,,,Yes,,,night,night,,,,360,360,306.6,short,,,288.153441,-1378.491098,,,5683.677479,2306.904806
Empidonax,traillii,Tyrannidae,Willow Flycatcher,4660,Adults first,Adults first,Adults first,220,290,Complete,,,,,,,,,,night,night,night,,No,No,50,1,10.59,long,,,8495.631251,-782.6259847,,,971.705579,539.6847253
Phalaropus,tricolor,Scolopacidae,Wilson's Phalarope,2240,Adults first,Adults first,Adults first,180,250,Complete,,Yes,,,,,,,,night,,night,,,,155,100,475,short,-3018.903842,-7669.165336,2135.442475,2397.433858,1073130.709,5265118.781,2673.718976,2989.606077
Gallinago,delicata,Scolopacidae,Wilson's Snipe,2300,Concurrent,,Concurrent,270,350,Partial,,Yes,,,,,,,,night,,night,Yes,,Yes,250,250,99.4,long,,,3027.838807,3416.630357,,,826.8336563,779.2706993
Cardellina,pusilla,Parulidae,Wilson's Warbler,6850,Concurrent,Concurrent,Concurrent,220,330,Complete,,Sometimes,,Small,Small,,,,Mixed Species flocks,night,night,night,,Yes,Yes,50000,161,1224,short,-7621.360998,3841.317914,284.2100214,602.1493541,2446.215521,4381.046616,1742.815652,841.9743953
Troglodytes,hiemalis,Troglodytidae,Winter Wren,7222,,,,,,Partial,,,,,,,,,,night,night,night,,No,No,13,2,9.4,short,,,-1182.658318,95.48723448,,,1556.276173,915.440993
Aix,sponsa,Anatidae,Wood Duck,1440,Concurrent,,Concurrent,270,330,Partial,,Yes,12,Small,Small,Tight,,,,night,night,night,,,,50,50,694,short,-5074.689238,3199.148779,-870.3128447,2863.334729,2326.627823,2744.300959,758.29226,492.519497
Hylocichla,mustelina,Turdidae,Wood Thrush,7550,Concurrent,,Concurrent,260,320,Complete,,,1,,Solo,,,,,night,night,night,,Yes,Yes,6,6,47.8,long,3006.251356,880.9229909,-4366.661416,-3066.254311,2491.500768,11848.22305,475.3643035,182.3433805
Helmitheros,vermivorum,Parulidae,Worm-eating Warbler,6390,Adults first,,Adults first,220,300,Complete,,,100,,Small,,,,,night,night,night,,Yes,Yes,2000,2000,196,long,,,595.6662631,846.3247947,,,1636.00912,405.0906154
Coturnicops,noveboracensis,Rallidae,Yellow Rail,2150,,Adults first,Adults first,,,Complete,,Yes,100,,Small,,,,,night,night,night,,,,150,150,61,long,-1167.827271,-342.2088742,-861.8292764,785.913919,5103.090931,23832.74743,5678.08551,20433.70284
Setophaga,petechia,Parulidae,Yellow Warbler,6520,Concurrent,,Concurrent,240,320,Complete,,Yes,,,,,,,,night,night,night,Yes,Yes,Yes,1,1,25.6,short,-12193.17375,3831.346296,-1104.160972,998.8901737,14737.17741,5355.796026,416.5111226,305.0356258
Empidonax,flaviventris,Tyrannidae,Yellow-bellied Flycatcher,4630,,Adults first,Adults first,,,Complete,,Yes,1,,Solo,,,,,night,,night,No,No,No,1,1,10.4,long,,,1601.372501,1160.643093,,,3196.485439,2360.094792
Sphyrapicus,varius,Picidae,Yellow-bellied Sapsucker,4020,Concurrent,,Concurrent,200,350,Complete,,Sometimes,,Small,Small,Loose,,,,night,night,night,No,No,No,60,9,6.9,long,,,436.3061883,-1294.736819,,,1356.237587,705.8340765
Coccyzus,americanus,Cuculidae,Yellow-billed Cuckoo,3870,Adults first,,Adults first,250,330,Complete,,Sometimes,70,Small,Small,,,,,night,day,night,No,Yes,No,1000,400,37.6,short,,,584.2022884,-125.5507356,,,303.9136899,273.2253727
Gavia,adamsii,Gaviidae,Yellow-billed Loon,80,,,,,,Complete,,Sometimes,1000,Small,Small,Loose,,,,day,night,day,Yes,,Yes,200,200,12.1,short,,,,,,,,
Icteria,virens,Parulidae,Yellow-breasted Chat,6830,Adults first,,Adults first,190,340,Complete,Very limited residency reported,Sometimes,1,Small,Small,,,,,night,night,night,,No,No,26,2,32.3,short,3866.131225,5850.570178,-4472.472096,-1841.631925,6027.525495,3868.704568,370.5709553,265.7389582
Nyctanassa,violacea,Ardeidae,Yellow-crowned Night-Heron,2030,,,,,,Partial,,,,,,,,,,,,,,,,1,1,913,short,-4090.067298,2078.946026,-232.9973728,-384.8198977,4288.995721,4299.055253,2050.133564,4879.933458
Xanthocephalus,xanthocephalus,Icteridae,Yellow-headed Blackbird,4970,,,,,,Complete,Very limited residency reported,Yes,15,Small,Small,Loose,,,,day,,day,,Yes,Yes,8,8,1896,long,,,-768.1653693,1317.347166,,,1038.004863,1180.064497
Setophaga,coronata,Parulidae,Yellow-rumped Warbler,,,,,,,Partial,Audubon and Myrtle in banding,,,,,,,Sometimes,,night,night,night,,Yes,Yes,50,4,8.9,long,,,,,,,,
Vireo,flavifrons,Vireonidae,Yellow-throated Vireo,6280,,,,,,Complete,,No,,,Solo,,,,,night,night,night,,No,No,30,1,20.7,long,1328.885582,-17.52776471,-1969.893849,358.1083708,8683.415739,8702.817385,631.6812934,216.6972832
Setophaga,dominica,Parulidae,Yellow-throated Warbler,6630,,,,,,Partial,,No,8,,Solo,,,,,night,night,night,,Yes,Yes,25,2,7.5,short,,,329.0461933,2244.434167,,,1248.230974,503.3722439
Buteo,albonotatus,Accipitridae,Zone-tailed Hawk,3400,,,,,,Complete,Year-round in S. America.,Sometimes,3,Small,Small,,,,,,,,No,,No,,1,628,short,,,,,,,,